Kota/Kabupaten,Tanggal,Imsak,Subuh,Terbit,Dhuha,Dzuhur,Ashar,Maghrib,Isya
Kota Jakarta,"Sabtu, 01/01/2028",04:09,04:19,05:38,06:07,11:59,15:25,18:13,19:29
Kota Jakarta,"Minggu, 02/01/2028",04:09,04:19,05:39,06:08,12:00,15:26,18:14,19:29
Kota Jakarta,"Senin, 03/01/2028",04:10,04:20,05:39,06:08,12:00,15:26,18:14,19:29
Kota Jakarta,"Selasa, 04/01/2028",04:11,04:21,05:40,06:09,12:01,15:27,18:15,19:30
Kota Jakarta,"Rabu, 05/01/2028",04:11,04:21,05:40,06:09,12:01,15:27,18:15,19:30
Kota Jakarta,"Kamis, 06/01/2028",04:12,04:22,05:41,06:10,12:02,15:27,18:15,19:30
Kota Jakarta,"Jumat, 07/01/2028",04:12,04:22,05:41,06:10,12:02,15:28,18:16,19:31
Kota Jakarta,"Sabtu, 08/01/2028",04:13,04:23,05:42,06:11,12:03,15:28,18:16,19:31
Kota Jakarta,"Minggu, 09/01/2028",04:14,04:24,05:42,06:11,12:03,15:28,18:16,19:31
Kota Jakarta,"Senin, 10/01/2028",04:14,04:24,05:43,06:12,12:03,15:28,18:17,19:32
Kota Jakarta,"Selasa, 11/01/2028",04:15,04:25,05:43,06:12,12:04,15:29,18:17,19:32
Kota Jakarta,"Rabu, 12/01/2028",04:15,04:25,05:44,06:13,12:04,15:29,18:17,19:32
Kota Jakarta,"Kamis, 13/01/2028",04:16,04:26,05:44,06:13,12:05,15:29,18:18,19:32
Kota Jakarta,"Jumat, 14/01/2028",04:16,04:26,05:45,06:14,12:05,15:29,18:18,19:32
Kota Jakarta,"Sabtu, 15/01/2028",04:17,04:27,05:45,06:14,12:05,15:29,18:18,19:33
Kota Jakarta,"Minggu, 16/01/2028",04:18,04:28,05:46,06:14,12:06,15:30,18:19,19:33
Kota Jakarta,"Senin, 17/01/2028",04:18,04:28,05:46,06:15,12:06,15:30,18:19,19:33
Kota Jakarta,"Selasa, 18/01/2028",04:19,04:29,05:47,06:15,12:06,15:30,18:19,19:33
Kota Jakarta,"Rabu, 19/01/2028",04:19,04:29,05:47,06:16,12:07,15:30,18:19,19:33
Kota Jakarta,"Kamis, 20/01/2028",04:20,04:30,05:47,06:16,12:07,15:30,18:19,19:33
Kota Jakarta,"Jumat, 21/01/2028",04:20,04:30,05:48,06:16,12:07,15:30,18:20,19:33
Kota Jakarta,"Sabtu, 22/01/2028",04:21,04:31,05:48,06:17,12:08,15:30,18:20,19:33
Kota Jakarta,"Minggu, 23/01/2028",04:21,04:31,05:49,06:17,12:08,15:30,18:20,19:33
Kota Jakarta,"Senin, 24/01/2028",04:22,04:32,05:49,06:17,12:08,15:30,18:20,19:33
Kota Jakarta,"Selasa, 25/01/2028",04:22,04:32,05:49,06:18,12:08,15:30,18:20,19:33
Kota Jakarta,"Rabu, 26/01/2028",04:23,04:33,05:50,06:18,12:09,15:30,18:20,19:33
Kota Jakarta,"Kamis, 27/01/2028",04:23,04:33,05:50,06:18,12:09,15:30,18:20,19:33
Kota Jakarta,"Jumat, 28/01/2028",04:24,04:34,05:50,06:19,12:09,15:30,18:20,19:33
Kota Jakarta,"Sabtu, 29/01/2028",04:24,04:34,05:51,06:19,12:09,15:30,18:20,19:33
Kota Jakarta,"Minggu, 30/01/2028",04:25,04:35,05:51,06:19,12:09,15:29,18:20,19:33
Kota Jakarta,"Senin, 31/01/2028",04:25,04:35,05:51,06:20,12:09,15:29,18:21,19:33
Kota Jakarta,"Selasa, 01/02/2028",04:26,04:36,05:52,06:20,12:10,15:29,18:21,19:33
Kota Jakarta,"Rabu, 02/02/2028",04:26,04:36,05:52,06:20,12:10,15:29,18:21,19:33
Kota Jakarta,"Kamis, 03/02/2028",04:27,04:37,05:52,06:20,12:10,15:28,18:20,19:32
Kota Jakarta,"Jumat, 04/02/2028",04:27,04:37,05:52,06:21,12:10,15:28,18:20,19:32
Kota Jakarta,"Sabtu, 05/02/2028",04:27,04:37,05:53,06:21,12:10,15:28,18:20,19:32
Kota Jakarta,"Minggu, 06/02/2028",04:28,04:38,05:53,06:21,12:10,15:27,18:20,19:32
Kota Jakarta,"Senin, 07/02/2028",04:28,04:38,05:53,06:21,12:10,15:27,18:20,19:32
Kota Jakarta,"Selasa, 08/02/2028",04:28,04:38,05:53,06:21,12:10,15:27,18:20,19:31
Kota Jakarta,"Rabu, 09/02/2028",04:29,04:39,05:54,06:21,12:10,15:26,18:20,19:31
Kota Jakarta,"Kamis, 10/02/2028",04:29,04:39,05:54,06:22,12:10,15:26,18:20,19:31
Kota Jakarta,"Jumat, 11/02/2028",04:29,04:39,05:54,06:22,12:10,15:25,18:20,19:31
Kota Jakarta,"Sabtu, 12/02/2028",04:30,04:40,05:54,06:22,12:10,15:25,18:20,19:30
Kota Jakarta,"Minggu, 13/02/2028",04:30,04:40,05:54,06:22,12:10,15:24,18:19,19:30
Kota Jakarta,"Senin, 14/02/2028",04:30,04:40,05:54,06:22,12:10,15:24,18:19,19:30
Kota Jakarta,"Selasa, 15/02/2028",04:30,04:40,05:54,06:22,12:10,15:23,18:19,19:30
Kota Jakarta,"Rabu, 16/02/2028",04:31,04:41,05:55,06:22,12:10,15:23,18:19,19:29
Kota Jakarta,"Kamis, 17/02/2028",04:31,04:41,05:55,06:22,12:10,15:22,18:19,19:29
Kota Jakarta,"Jumat, 18/02/2028",04:31,04:41,05:55,06:22,12:10,15:21,18:18,19:29
Kota Jakarta,"Sabtu, 19/02/2028",04:31,04:41,05:55,06:22,12:10,15:21,18:18,19:28
Kota Jakarta,"Minggu, 20/02/2028",04:32,04:42,05:55,06:23,12:10,15:20,18:18,19:28
Kota Jakarta,"Senin, 21/02/2028",04:32,04:42,05:55,06:23,12:10,15:19,18:18,19:27
Kota Jakarta,"Selasa, 22/02/2028",04:32,04:42,05:55,06:23,12:10,15:18,18:17,19:27
Kota Jakarta,"Rabu, 23/02/2028",04:32,04:42,05:55,06:23,12:10,15:18,18:17,19:27
Kota Jakarta,"Kamis, 24/02/2028",04:32,04:42,05:55,06:23,12:09,15:17,18:17,19:26
Kota Jakarta,"Jumat, 25/02/2028",04:32,04:42,05:55,06:23,12:09,15:16,18:16,19:26
Kota Jakarta,"Sabtu, 26/02/2028",04:32,04:42,05:55,06:23,12:09,15:15,18:16,19:25
Kota Jakarta,"Minggu, 27/02/2028",04:33,04:43,05:55,06:23,12:09,15:14,18:16,19:25
Kota Jakarta,"Senin, 28/02/2028",04:33,04:43,05:55,06:23,12:09,15:13,18:15,19:25
Kota Jakarta,"Selasa, 29/02/2028",04:33,04:43,05:55,06:23,12:09,15:12,18:15,19:24
Kota Jakarta,"Rabu, 01/03/2028",04:33,04:43,05:55,06:22,12:08,15:11,18:15,19:24
Kota Jakarta,"Kamis, 02/03/2028",04:33,04:43,05:55,06:22,12:08,15:10,18:14,19:23
Kota Jakarta,"Jumat, 03/03/2028",04:33,04:43,05:55,06:22,12:08,15:09,18:14,19:23
Kota Jakarta,"Sabtu, 04/03/2028",04:33,04:43,05:55,06:22,12:08,15:08,18:13,19:22
Kota Jakarta,"Minggu, 05/03/2028",04:33,04:43,05:55,06:22,12:08,15:08,18:13,19:22
Kota Jakarta,"Senin, 06/03/2028",04:33,04:43,05:55,06:22,12:07,15:09,18:13,19:21
Kota Jakarta,"Selasa, 07/03/2028",04:33,04:43,05:55,06:22,12:07,15:09,18:12,19:21
Kota Jakarta,"Rabu, 08/03/2028",04:33,04:43,05:55,06:22,12:07,15:09,18:12,19:21
Kota Jakarta,"Kamis, 09/03/2028",04:33,04:43,05:55,06:22,12:07,15:10,18:11,19:20
Kota Jakarta,"Jumat, 10/03/2028",04:33,04:43,05:55,06:22,12:06,15:10,18:11,19:20
Kota Jakarta,"Sabtu, 11/03/2028",04:33,04:43,05:55,06:22,12:06,15:10,18:11,19:19
Kota Jakarta,"Minggu, 12/03/2028",04:33,04:43,05:54,06:22,12:06,15:11,18:10,19:19
Kota Jakarta,"Senin, 13/03/2028",04:33,04:43,05:54,06:22,12:06,15:11,18:10,19:18
Kota Jakarta,"Selasa, 14/03/2028",04:33,04:43,05:54,06:21,12:05,15:11,18:09,19:18
Kota Jakarta,"Rabu, 15/03/2028",04:33,04:43,05:54,06:21,12:05,15:12,18:09,19:17
Kota Jakarta,"Kamis, 16/03/2028",04:33,04:43,05:54,06:21,12:05,15:12,18:08,19:17
Kota Jakarta,"Jumat, 17/03/2028",04:32,04:42,05:54,06:21,12:04,15:12,18:08,19:16
Kota Jakarta,"Sabtu, 18/03/2028",04:32,04:42,05:54,06:21,12:04,15:12,18:07,19:16
Kota Jakarta,"Minggu, 19/03/2028",04:32,04:42,05:54,06:21,12:04,15:13,18:07,19:15
Kota Jakarta,"Senin, 20/03/2028",04:32,04:42,05:54,06:21,12:04,15:13,18:06,19:15
Kota Jakarta,"Selasa, 21/03/2028",04:32,04:42,05:54,06:21,12:04,15:14,18:06,19:15
Kota Jakarta,"Rabu, 22/03/2028",04:32,04:42,05:53,06:20,12:03,15:13,18:06,19:14
Kota Jakarta,"Kamis, 23/03/2028",04:32,04:42,05:53,06:20,12:03,15:13,18:05,19:13
Kota Jakarta,"Jumat, 24/03/2028",04:32,04:42,05:53,06:20,12:02,15:14,18:05,19:13
Kota Jakarta,"Sabtu, 25/03/2028",04:31,04:41,05:53,06:20,12:02,15:14,18:04,19:12
Kota Jakarta,"Minggu, 26/03/2028",04:31,04:41,05:53,06:20,12:02,15:14,18:04,19:12
Kota Jakarta,"Senin, 27/03/2028",04:31,04:41,05:53,06:20,12:01,15:14,18:03,19:12
Kota Jakarta,"Selasa, 28/03/2028",04:31,04:41,05:53,06:20,12:01,15:14,18:03,19:11
Kota Jakarta,"Rabu, 29/03/2028",04:31,04:41,05:52,06:20,12:01,15:14,18:02,19:11
Kota Jakarta,"Kamis, 30/03/2028",04:31,04:41,05:52,06:19,12:01,15:14,18:02,19:10
Kota Jakarta,"Jumat, 31/03/2028",04:31,04:41,05:52,06:19,12:00,15:14,18:01,19:10
Kota Jakarta,"Sabtu, 01/04/2028",04:30,04:40,05:52,06:19,12:00,15:14,18:01,19:09
Kota Jakarta,"Minggu, 02/04/2028",04:30,04:40,05:52,06:19,12:00,15:14,18:00,19:09
Kota Jakarta,"Senin, 03/04/2028",04:30,04:40,05:52,06:19,11:59,15:14,18:00,19:09
Kota Jakarta,"Selasa, 04/04/2028",04:30,04:40,05:52,06:19,11:59,15:14,17:59,19:08
Kota Jakarta,"Rabu, 05/04/2028",04:30,04:40,05:52,06:19,11:59,15:14,17:59,19:08
Kota Jakarta,"Kamis, 06/04/2028",04:30,04:40,05:51,06:19,11:59,15:14,17:59,19:07
Kota Jakarta,"Jumat, 07/04/2028",04:29,04:39,05:51,06:19,11:58,15:14,17:58,19:07
Kota Jakarta,"Sabtu, 08/04/2028",04:29,04:39,05:51,06:18,11:58,15:14,17:58,19:07
Kota Jakarta,"Minggu, 09/04/2028",04:29,04:39,05:51,06:18,11:58,15:14,17:57,19:06
Kota Jakarta,"Senin, 10/04/2028",04:29,04:39,05:51,06:18,11:57,15:14,17:57,19:06
Kota Jakarta,"Selasa, 11/04/2028",04:29,04:39,05:51,06:18,11:57,15:14,17:56,19:05
Kota Jakarta,"Rabu, 12/04/2028",04:29,04:39,05:51,06:18,11:57,15:14,17:56,19:05
Kota Jakarta,"Kamis, 13/04/2028",04:28,04:38,05:51,06:18,11:57,15:14,17:56,19:05
Kota Jakarta,"Jumat, 14/04/2028",04:28,04:38,05:51,06:18,11:56,15:14,17:55,19:04
Kota Jakarta,"Sabtu, 15/04/2028",04:28,04:38,05:50,06:18,11:56,15:14,17:55,19:04
Kota Jakarta,"Minggu, 16/04/2028",04:28,04:38,05:50,06:18,11:56,15:14,17:54,19:04
Kota Jakarta,"Senin, 17/04/2028",04:28,04:38,05:50,06:18,11:56,15:14,17:54,19:03
Kota Jakarta,"Selasa, 18/04/2028",04:28,04:38,05:50,06:18,11:55,15:14,17:54,19:03
Kota Jakarta,"Rabu, 19/04/2028",04:27,04:37,05:50,06:18,11:55,15:14,17:53,19:03
Kota Jakarta,"Kamis, 20/04/2028",04:27,04:37,05:50,06:18,11:55,15:14,17:53,19:03
Kota Jakarta,"Jumat, 21/04/2028",04:27,04:37,05:50,06:18,11:55,15:14,17:53,19:02
Kota Jakarta,"Sabtu, 22/04/2028",04:27,04:37,05:50,06:18,11:55,15:14,17:52,19:02
Kota Jakarta,"Minggu, 23/04/2028",04:27,04:37,05:50,06:18,11:54,15:14,17:52,19:02
Kota Jakarta,"Senin, 24/04/2028",04:27,04:37,05:50,06:18,11:54,15:14,17:52,19:02
Kota Jakarta,"Selasa, 25/04/2028",04:27,04:37,05:50,06:18,11:54,15:14,17:51,19:01
Kota Jakarta,"Rabu, 26/04/2028",04:26,04:36,05:50,06:18,11:54,15:14,17:51,19:01
Kota Jakarta,"Kamis, 27/04/2028",04:26,04:36,05:50,06:18,11:54,15:14,17:51,19:01
Kota Jakarta,"Jumat, 28/04/2028",04:26,04:36,05:50,06:18,11:54,15:14,17:50,19:01
Kota Jakarta,"Sabtu, 29/04/2028",04:26,04:36,05:50,06:18,11:53,15:14,17:50,19:01
Kota Jakarta,"Minggu, 30/04/2028",04:26,04:36,05:50,06:18,11:53,15:14,17:50,19:00
Kota Jakarta,"Senin, 01/05/2028",04:26,04:36,05:50,06:18,11:53,15:14,17:50,19:00
Kota Jakarta,"Selasa, 02/05/2028",04:26,04:36,05:50,06:18,11:53,15:14,17:49,19:00
Kota Jakarta,"Rabu, 03/05/2028",04:26,04:36,05:50,06:18,11:53,15:14,17:49,19:00
Kota Jakarta,"Kamis, 04/05/2028",04:26,04:36,05:50,06:18,11:53,15:14,17:49,19:00
Kota Jakarta,"Jumat, 05/05/2028",04:26,04:36,05:50,06:18,11:53,15:13,17:49,19:00
Kota Jakarta,"Sabtu, 06/05/2028",04:26,04:36,05:50,06:18,11:53,15:13,17:49,19:00
Kota Jakarta,"Minggu, 07/05/2028",04:25,04:35,05:50,06:18,11:53,15:13,17:48,19:00
Kota Jakarta,"Senin, 08/05/2028",04:25,04:35,05:50,06:18,11:53,15:13,17:48,19:00
Kota Jakarta,"Selasa, 09/05/2028",04:25,04:35,05:50,06:18,11:53,15:13,17:48,18:59
Kota Jakarta,"Rabu, 10/05/2028",04:25,04:35,05:50,06:19,11:53,15:13,17:48,18:59
Kota Jakarta,"Kamis, 11/05/2028",04:25,04:35,05:50,06:19,11:53,15:13,17:48,18:59
Kota Jakarta,"Jumat, 12/05/2028",04:25,04:35,05:50,06:19,11:53,15:13,17:48,18:59
Kota Jakarta,"Sabtu, 13/05/2028",04:25,04:35,05:51,06:19,11:53,15:13,17:47,18:59
Kota Jakarta,"Minggu, 14/05/2028",04:25,04:35,05:51,06:19,11:53,15:14,17:47,18:59
Kota Jakarta,"Senin, 15/05/2028",04:25,04:35,05:51,06:19,11:53,15:14,17:47,18:59
Kota Jakarta,"Selasa, 16/05/2028",04:25,04:35,05:51,06:19,11:53,15:14,17:47,18:59
Kota Jakarta,"Rabu, 17/05/2028",04:25,04:35,05:51,06:20,11:53,15:14,17:47,18:59
Kota Jakarta,"Kamis, 18/05/2028",04:25,04:35,05:51,06:20,11:53,15:14,17:47,18:59
Kota Jakarta,"Jumat, 19/05/2028",04:25,04:35,05:51,06:20,11:53,15:14,17:47,18:59
Kota Jakarta,"Sabtu, 20/05/2028",04:25,04:35,05:51,06:20,11:53,15:14,17:47,19:00
Kota Jakarta,"Minggu, 21/05/2028",04:25,04:35,05:52,06:20,11:53,15:14,17:47,19:00
Kota Jakarta,"Senin, 22/05/2028",04:26,04:36,05:52,06:20,11:53,15:14,17:47,19:00
Kota Jakarta,"Selasa, 23/05/2028",04:26,04:36,05:52,06:21,11:53,15:14,17:47,19:00
Kota Jakarta,"Rabu, 24/05/2028",04:26,04:36,05:52,06:21,11:53,15:14,17:47,19:00
Kota Jakarta,"Kamis, 25/05/2028",04:26,04:36,05:52,06:21,11:53,15:14,17:47,19:00
Kota Jakarta,"Jumat, 26/05/2028",04:26,04:36,05:53,06:21,11:53,15:14,17:47,19:00
Kota Jakarta,"Sabtu, 27/05/2028",04:26,04:36,05:53,06:22,11:53,15:14,17:47,19:00
Kota Jakarta,"Minggu, 28/05/2028",04:26,04:36,05:53,06:22,11:53,15:15,17:47,19:00
Kota Jakarta,"Senin, 29/05/2028",04:26,04:36,05:53,06:22,11:54,15:15,17:47,19:00
Kota Jakarta,"Selasa, 30/05/2028",04:26,04:36,05:53,06:22,11:54,15:15,17:47,19:01
Kota Jakarta,"Rabu, 31/05/2028",04:26,04:36,05:54,06:22,11:54,15:15,17:47,19:01
Kota Jakarta,"Kamis, 01/06/2028",04:27,04:37,05:54,06:23,11:54,15:15,17:47,19:01
Kota Jakarta,"Jumat, 02/06/2028",04:27,04:37,05:54,06:23,11:54,15:15,17:47,19:01
Kota Jakarta,"Sabtu, 03/06/2028",04:27,04:37,05:54,06:23,11:54,15:15,17:48,19:01
Kota Jakarta,"Minggu, 04/06/2028",04:27,04:37,05:54,06:23,11:55,15:16,17:48,19:01
Kota Jakarta,"Senin, 05/06/2028",04:27,04:37,05:55,06:24,11:55,15:16,17:48,19:02
Kota Jakarta,"Selasa, 06/06/2028",04:27,04:37,05:55,06:24,11:55,15:16,17:48,19:02
Kota Jakarta,"Rabu, 07/06/2028",04:28,04:38,05:55,06:24,11:55,15:16,17:48,19:02
Kota Jakarta,"Kamis, 08/06/2028",04:28,04:38,05:55,06:24,11:55,15:16,17:48,19:02
Kota Jakarta,"Jumat, 09/06/2028",04:28,04:38,05:56,06:25,11:55,15:16,17:48,19:02
Kota Jakarta,"Sabtu, 10/06/2028",04:28,04:38,05:56,06:25,11:56,15:17,17:49,19:03
Kota Jakarta,"Minggu, 11/06/2028",04:28,04:38,05:56,06:25,11:56,15:17,17:49,19:03
Kota Jakarta,"Senin, 12/06/2028",04:28,04:38,05:56,06:25,11:56,15:17,17:49,19:03
Kota Jakarta,"Selasa, 13/06/2028",04:29,04:39,05:56,06:26,11:56,15:17,17:49,19:03
Kota Jakarta,"Rabu, 14/06/2028",04:29,04:39,05:57,06:26,11:57,15:17,17:49,19:03
Kota Jakarta,"Kamis, 15/06/2028",04:29,04:39,05:57,06:26,11:57,15:18,17:49,19:04
Kota Jakarta,"Jumat, 16/06/2028",04:29,04:39,05:57,06:26,11:57,15:18,17:50,19:04
Kota Jakarta,"Sabtu, 17/06/2028",04:29,04:39,05:57,06:27,11:57,15:18,17:50,19:04
Kota Jakarta,"Minggu, 18/06/2028",04:30,04:40,05:58,06:27,11:57,15:18,17:50,19:04
Kota Jakarta,"Senin, 19/06/2028",04:30,04:40,05:58,06:27,11:58,15:19,17:50,19:05
Kota Jakarta,"Selasa, 20/06/2028",04:30,04:40,05:58,06:27,11:58,15:19,17:51,19:05
Kota Jakarta,"Rabu, 21/06/2028",04:30,04:40,05:58,06:28,11:58,15:19,17:51,19:05
Kota Jakarta,"Kamis, 22/06/2028",04:31,04:41,05:59,06:28,11:58,15:19,17:51,19:05
Kota Jakarta,"Jumat, 23/06/2028",04:31,04:41,05:59,06:28,11:58,15:19,17:51,19:05
Kota Jakarta,"Sabtu, 24/06/2028",04:31,04:41,05:59,06:28,11:59,15:20,17:51,19:06
Kota Jakarta,"Minggu, 25/06/2028",04:31,04:41,05:59,06:28,11:59,15:20,17:52,19:06
Kota Jakarta,"Senin, 26/06/2028",04:31,04:41,05:59,06:29,11:59,15:20,17:52,19:06
Kota Jakarta,"Selasa, 27/06/2028",04:32,04:42,06:00,06:29,11:59,15:20,17:52,19:06
Kota Jakarta,"Rabu, 28/06/2028",04:32,04:42,06:00,06:29,12:00,15:21,17:52,19:06
Kota Jakarta,"Kamis, 29/06/2028",04:32,04:42,06:00,06:29,12:00,15:21,17:53,19:07
Kota Jakarta,"Jumat, 30/06/2028",04:32,04:42,06:00,06:29,12:00,15:21,17:53,19:07
Kota Jakarta,"Sabtu, 01/07/2028",04:32,04:42,06:00,06:29,12:00,15:21,17:53,19:07
Kota Jakarta,"Minggu, 02/07/2028",04:33,04:43,06:00,06:30,12:00,15:21,17:53,19:07
Kota Jakarta,"Senin, 03/07/2028",04:33,04:43,06:01,06:30,12:00,15:22,17:53,19:07
Kota Jakarta,"Selasa, 04/07/2028",04:33,04:43,06:01,06:30,12:01,15:22,17:54,19:08
Kota Jakarta,"Rabu, 05/07/2028",04:33,04:43,06:01,06:30,12:01,15:22,17:54,19:08
Kota Jakarta,"Kamis, 06/07/2028",04:33,04:43,06:01,06:30,12:01,15:22,17:54,19:08
Kota Jakarta,"Jumat, 07/07/2028",04:34,04:44,06:01,06:30,12:01,15:22,17:54,19:08
Kota Jakarta,"Sabtu, 08/07/2028",04:34,04:44,06:01,06:30,12:01,15:22,17:54,19:08
Kota Jakarta,"Minggu, 09/07/2028",04:34,04:44,06:01,06:30,12:01,15:23,17:55,19:08
Kota Jakarta,"Senin, 10/07/2028",04:34,04:44,06:01,06:30,12:02,15:23,17:55,19:08
Kota Jakarta,"Selasa, 11/07/2028",04:34,04:44,06:01,06:30,12:02,15:23,17:55,19:09
Kota Jakarta,"Rabu, 12/07/2028",04:34,04:44,06:01,06:30,12:02,15:23,17:55,19:09
Kota Jakarta,"Kamis, 13/07/2028",04:35,04:45,06:02,06:30,12:02,15:23,17:55,19:09
Kota Jakarta,"Jumat, 14/07/2028",04:35,04:45,06:02,06:30,12:02,15:23,17:56,19:09
Kota Jakarta,"Sabtu, 15/07/2028",04:35,04:45,06:02,06:30,12:02,15:23,17:56,19:09
Kota Jakarta,"Minggu, 16/07/2028",04:35,04:45,06:02,06:30,12:02,15:24,17:56,19:09
Kota Jakarta,"Senin, 17/07/2028",04:35,04:45,06:02,06:30,12:02,15:24,17:56,19:09
Kota Jakarta,"Selasa, 18/07/2028",04:35,04:45,06:02,06:30,12:02,15:24,17:56,19:09
Kota Jakarta,"Rabu, 19/07/2028",04:35,04:45,06:02,06:30,12:03,15:24,17:56,19:09
Kota Jakarta,"Kamis, 20/07/2028",04:35,04:45,06:02,06:30,12:03,15:24,17:57,19:09
Kota Jakarta,"Jumat, 21/07/2028",04:35,04:45,06:02,06:30,12:03,15:24,17:57,19:09
Kota Jakarta,"Sabtu, 22/07/2028",04:35,04:45,06:01,06:30,12:03,15:24,17:57,19:09
Kota Jakarta,"Minggu, 23/07/2028",04:35,04:45,06:01,06:30,12:03,15:24,17:57,19:09
Kota Jakarta,"Senin, 24/07/2028",04:35,04:45,06:01,06:30,12:03,15:24,17:57,19:09
Kota Jakarta,"Selasa, 25/07/2028",04:35,04:45,06:01,06:30,12:03,15:24,17:57,19:10
Kota Jakarta,"Rabu, 26/07/2028",04:35,04:45,06:01,06:30,12:03,15:24,17:57,19:10
Kota Jakarta,"Kamis, 27/07/2028",04:35,04:45,06:01,06:30,12:03,15:24,17:57,19:09
Kota Jakarta,"Jumat, 28/07/2028",04:35,04:45,06:01,06:29,12:03,15:24,17:58,19:09
Kota Jakarta,"Sabtu, 29/07/2028",04:35,04:45,06:01,06:29,12:03,15:24,17:58,19:09
Kota Jakarta,"Minggu, 30/07/2028",04:35,04:45,06:01,06:29,12:03,15:24,17:58,19:09
Kota Jakarta,"Senin, 31/07/2028",04:35,04:45,06:00,06:29,12:03,15:24,17:58,19:09
Kota Jakarta,"Selasa, 01/08/2028",04:35,04:45,06:00,06:29,12:03,15:24,17:58,19:09
Kota Jakarta,"Rabu, 02/08/2028",04:35,04:45,06:00,06:28,12:02,15:24,17:58,19:09
Kota Jakarta,"Kamis, 03/08/2028",04:35,04:45,06:00,06:28,12:02,15:23,17:58,19:09
Kota Jakarta,"Jumat, 04/08/2028",04:35,04:45,06:00,06:28,12:02,15:23,17:58,19:09
Kota Jakarta,"Sabtu, 05/08/2028",04:35,04:45,06:00,06:28,12:02,15:23,17:58,19:09
Kota Jakarta,"Minggu, 06/08/2028",04:35,04:45,05:59,06:27,12:02,15:23,17:58,19:09
Kota Jakarta,"Senin, 07/08/2028",04:35,04:45,05:59,06:27,12:02,15:23,17:58,19:09
Kota Jakarta,"Selasa, 08/08/2028",04:35,04:45,05:59,06:27,12:02,15:23,17:58,19:09
Kota Jakarta,"Rabu, 09/08/2028",04:34,04:44,05:59,06:27,12:02,15:22,17:58,19:09
Kota Jakarta,"Kamis, 10/08/2028",04:34,04:44,05:58,06:26,12:01,15:22,17:58,19:09
Kota Jakarta,"Jumat, 11/08/2028",04:34,04:44,05:58,06:26,12:01,15:22,17:58,19:08
Kota Jakarta,"Sabtu, 12/08/2028",04:34,04:44,05:58,06:26,12:01,15:22,17:58,19:08
Kota Jakarta,"Minggu, 13/08/2028",04:34,04:44,05:57,06:25,12:01,15:21,17:58,19:08
Kota Jakarta,"Senin, 14/08/2028",04:33,04:43,05:57,06:25,12:01,15:21,17:58,19:08
Kota Jakarta,"Selasa, 15/08/2028",04:33,04:43,05:57,06:24,12:01,15:21,17:58,19:08
Kota Jakarta,"Rabu, 16/08/2028",04:33,04:43,05:56,06:24,12:00,15:21,17:58,19:08
Kota Jakarta,"Kamis, 17/08/2028",04:33,04:43,05:56,06:24,12:00,15:20,17:57,19:07
Kota Jakarta,"Jumat, 18/08/2028",04:32,04:42,05:56,06:23,12:00,15:20,17:57,19:07
Kota Jakarta,"Sabtu, 19/08/2028",04:32,04:42,05:55,06:23,12:00,15:20,17:57,19:07
Kota Jakarta,"Minggu, 20/08/2028",04:32,04:42,05:55,06:23,12:00,15:19,17:57,19:07
Kota Jakarta,"Senin, 21/08/2028",04:32,04:42,05:54,06:22,11:59,15:19,17:57,19:07
Kota Jakarta,"Selasa, 22/08/2028",04:31,04:41,05:54,06:22,11:59,15:18,17:57,19:07
Kota Jakarta,"Rabu, 23/08/2028",04:31,04:41,05:54,06:21,11:59,15:18,17:57,19:06
Kota Jakarta,"Kamis, 24/08/2028",04:31,04:41,05:53,06:21,11:58,15:17,17:57,19:06
Kota Jakarta,"Jumat, 25/08/2028",04:30,04:40,05:53,06:20,11:58,15:17,17:57,19:06
Kota Jakarta,"Sabtu, 26/08/2028",04:30,04:40,05:52,06:20,11:58,15:17,17:57,19:06
Kota Jakarta,"Minggu, 27/08/2028",04:30,04:40,05:52,06:19,11:58,15:16,17:56,19:06
Kota Jakarta,"Senin, 28/08/2028",04:29,04:39,05:52,06:19,11:57,15:16,17:56,19:05
Kota Jakarta,"Selasa, 29/08/2028",04:29,04:39,05:51,06:18,11:57,15:15,17:56,19:05
Kota Jakarta,"Rabu, 30/08/2028",04:28,04:38,05:51,06:18,11:57,15:15,17:56,19:05
Kota Jakarta,"Kamis, 31/08/2028",04:28,04:38,05:50,06:18,11:56,15:14,17:56,19:05
Kota Jakarta,"Jumat, 01/09/2028",04:28,04:38,05:50,06:17,11:56,15:13,17:56,19:05
Kota Jakarta,"Sabtu, 02/09/2028",04:27,04:37,05:49,06:17,11:56,15:13,17:55,19:04
Kota Jakarta,"Minggu, 03/09/2028",04:27,04:37,05:49,06:16,11:55,15:12,17:55,19:04
Kota Jakarta,"Senin, 04/09/2028",04:26,04:36,05:48,06:16,11:55,15:12,17:55,19:04
Kota Jakarta,"Selasa, 05/09/2028",04:26,04:36,05:48,06:15,11:55,15:11,17:55,19:04
Kota Jakarta,"Rabu, 06/09/2028",04:25,04:35,05:47,06:14,11:54,15:10,17:55,19:03
Kota Jakarta,"Kamis, 07/09/2028",04:25,04:35,05:47,06:14,11:54,15:10,17:55,19:03
Kota Jakarta,"Jumat, 08/09/2028",04:25,04:35,05:46,06:13,11:54,15:09,17:54,19:03
Kota Jakarta,"Sabtu, 09/09/2028",04:24,04:34,05:46,06:13,11:53,15:08,17:54,19:03
Kota Jakarta,"Minggu, 10/09/2028",04:24,04:34,05:45,06:12,11:53,15:08,17:54,19:03
Kota Jakarta,"Senin, 11/09/2028",04:23,04:33,05:45,06:12,11:53,15:07,17:54,19:02
Kota Jakarta,"Selasa, 12/09/2028",04:23,04:33,05:44,06:11,11:52,15:06,17:54,19:02
Kota Jakarta,"Rabu, 13/09/2028",04:22,04:32,05:44,06:11,11:52,15:06,17:53,19:02
Kota Jakarta,"Kamis, 14/09/2028",04:22,04:32,05:43,06:10,11:52,15:05,17:53,19:02
Kota Jakarta,"Jumat, 15/09/2028",04:21,04:31,05:43,06:10,11:51,15:04,17:53,19:01
Kota Jakarta,"Sabtu, 16/09/2028",04:21,04:31,05:42,06:09,11:51,15:03,17:53,19:01
Kota Jakarta,"Minggu, 17/09/2028",04:20,04:30,05:42,06:09,11:51,15:03,17:53,19:01
Kota Jakarta,"Senin, 18/09/2028",04:20,04:30,05:41,06:08,11:50,15:02,17:52,19:01
Kota Jakarta,"Selasa, 19/09/2028",04:19,04:29,05:41,06:08,11:50,15:01,17:52,19:01
Kota Jakarta,"Rabu, 20/09/2028",04:19,04:29,05:40,06:07,11:50,15:00,17:52,19:00
Kota Jakarta,"Kamis, 21/09/2028",04:18,04:28,05:39,06:07,11:49,14:59,17:52,19:00
Kota Jakarta,"Jumat, 22/09/2028",04:18,04:28,05:39,06:06,11:49,14:59,17:52,19:00
Kota Jakarta,"Sabtu, 23/09/2028",04:17,04:27,05:38,06:06,11:48,14:58,17:52,19:00
Kota Jakarta,"Minggu, 24/09/2028",04:16,04:26,05:38,06:05,11:48,14:57,17:51,19:00
Kota Jakarta,"Senin, 25/09/2028",04:16,04:26,05:37,06:05,11:48,14:56,17:51,19:00
Kota Jakarta,"Selasa, 26/09/2028",04:15,04:25,05:37,06:04,11:47,14:55,17:51,18:59
Kota Jakarta,"Rabu, 27/09/2028",04:15,04:25,05:36,06:03,11:47,14:54,17:51,18:59
Kota Jakarta,"Kamis, 28/09/2028",04:14,04:24,05:36,06:03,11:47,14:53,17:51,18:59
Kota Jakarta,"Jumat, 29/09/2028",04:14,04:24,05:35,06:03,11:46,14:53,17:51,18:59
Kota Jakarta,"Sabtu, 30/09/2028",04:13,04:23,05:35,06:02,11:46,14:52,17:50,18:59
Kota Jakarta,"Minggu, 01/10/2028",04:13,04:23,05:34,06:02,11:46,14:51,17:50,18:59
Kota Jakarta,"Senin, 02/10/2028",04:12,04:22,05:34,06:01,11:45,14:50,17:50,18:59
Kota Jakarta,"Selasa, 03/10/2028",04:12,04:22,05:33,06:01,11:45,14:49,17:50,18:59
Kota Jakarta,"Rabu, 04/10/2028",04:11,04:21,05:33,06:00,11:45,14:48,17:50,18:59
Kota Jakarta,"Kamis, 05/10/2028",04:11,04:21,05:32,06:00,11:45,14:47,17:50,18:58
Kota Jakarta,"Jumat, 06/10/2028",04:10,04:20,05:32,05:59,11:44,14:46,17:50,18:58
Kota Jakarta,"Sabtu, 07/10/2028",04:10,04:20,05:32,05:59,11:44,14:45,17:49,18:58
Kota Jakarta,"Minggu, 08/10/2028",04:09,04:19,05:31,05:58,11:44,14:44,17:49,18:58
Kota Jakarta,"Senin, 09/10/2028",04:09,04:19,05:31,05:58,11:43,14:44,17:49,18:58
Kota Jakarta,"Selasa, 10/10/2028",04:08,04:18,05:30,05:57,11:43,14:44,17:49,18:58
Kota Jakarta,"Rabu, 11/10/2028",04:07,04:17,05:30,05:57,11:43,14:45,17:49,18:58
Kota Jakarta,"Kamis, 12/10/2028",04:07,04:17,05:29,05:57,11:43,14:46,17:49,18:58
Kota Jakarta,"Jumat, 13/10/2028",04:06,04:16,05:29,05:56,11:42,14:46,17:49,18:58
Kota Jakarta,"Sabtu, 14/10/2028",04:06,04:16,05:29,05:56,11:42,14:47,17:49,18:58
Kota Jakarta,"Minggu, 15/10/2028",04:06,04:16,05:28,05:55,11:42,14:47,17:49,18:58
Kota Jakarta,"Senin, 16/10/2028",04:05,04:15,05:28,05:55,11:42,14:48,17:49,18:58
Kota Jakarta,"Selasa, 17/10/2028",04:05,04:15,05:27,05:55,11:41,14:48,17:49,18:58
Kota Jakarta,"Rabu, 18/10/2028",04:04,04:14,05:27,05:54,11:41,14:49,17:49,18:58
Kota Jakarta,"Kamis, 19/10/2028",04:04,04:14,05:27,05:54,11:41,14:49,17:49,18:58
Kota Jakarta,"Jumat, 20/10/2028",04:03,04:13,05:26,05:54,11:41,14:50,17:49,18:59
Kota Jakarta,"Sabtu, 21/10/2028",04:03,04:13,05:26,05:53,11:41,14:50,17:49,18:59
Kota Jakarta,"Minggu, 22/10/2028",04:02,04:12,05:26,05:53,11:41,14:50,17:49,18:59
Kota Jakarta,"Senin, 23/10/2028",04:02,04:12,05:25,05:53,11:40,14:51,17:49,18:59
Kota Jakarta,"Selasa, 24/10/2028",04:02,04:12,05:25,05:53,11:40,14:51,17:49,18:59
Kota Jakarta,"Rabu, 25/10/2028",04:01,04:11,05:25,05:52,11:40,14:52,17:49,18:59
Kota Jakarta,"Kamis, 26/10/2028",04:01,04:11,05:25,05:52,11:40,14:52,17:49,18:59
Kota Jakarta,"Jumat, 27/10/2028",04:00,04:10,05:24,05:52,11:40,14:53,17:49,19:00
Kota Jakarta,"Sabtu, 28/10/2028",04:00,04:10,05:24,05:52,11:40,14:53,17:49,19:00
Kota Jakarta,"Minggu, 29/10/2028",04:00,04:10,05:24,05:52,11:40,14:54,17:49,19:00
Kota Jakarta,"Senin, 30/10/2028",03:59,04:09,05:24,05:51,11:40,14:54,17:49,19:00
Kota Jakarta,"Selasa, 31/10/2028",03:59,04:09,05:23,05:51,11:40,14:55,17:49,19:00
Kota Jakarta,"Rabu, 01/11/2028",03:59,04:09,05:23,05:51,11:40,14:55,17:49,19:01
Kota Jakarta,"Kamis, 02/11/2028",03:58,04:08,05:23,05:51,11:40,14:56,17:50,19:01
Kota Jakarta,"Jumat, 03/11/2028",03:58,04:08,05:23,05:51,11:40,14:56,17:50,19:01
Kota Jakarta,"Sabtu, 04/11/2028",03:58,04:08,05:23,05:51,11:40,14:56,17:50,19:01
Kota Jakarta,"Minggu, 05/11/2028",03:57,04:07,05:23,05:51,11:40,14:57,17:50,19:02
Kota Jakarta,"Senin, 06/11/2028",03:57,04:07,05:22,05:50,11:40,14:57,17:50,19:02
Kota Jakarta,"Selasa, 07/11/2028",03:57,04:07,05:22,05:50,11:40,14:58,17:50,19:02
Kota Jakarta,"Rabu, 08/11/2028",03:57,04:07,05:22,05:50,11:40,14:58,17:51,19:03
Kota Jakarta,"Kamis, 09/11/2028",03:57,04:07,05:22,05:50,11:40,14:59,17:51,19:03
Kota Jakarta,"Jumat, 10/11/2028",03:56,04:06,05:22,05:50,11:40,14:59,17:51,19:03
Kota Jakarta,"Sabtu, 11/11/2028",03:56,04:06,05:22,05:50,11:40,15:00,17:51,19:04
Kota Jakarta,"Minggu, 12/11/2028",03:56,04:06,05:22,05:50,11:40,15:00,17:52,19:04
Kota Jakarta,"Senin, 13/11/2028",03:56,04:06,05:22,05:50,11:40,15:01,17:52,19:05
Kota Jakarta,"Selasa, 14/11/2028",03:56,04:06,05:22,05:50,11:41,15:01,17:52,19:05
Kota Jakarta,"Rabu, 15/11/2028",03:56,04:06,05:22,05:51,11:41,15:02,17:52,19:05
Kota Jakarta,"Kamis, 16/11/2028",03:56,04:06,05:22,05:51,11:41,15:02,17:53,19:06
Kota Jakarta,"Jumat, 17/11/2028",03:56,04:06,05:22,05:51,11:41,15:03,17:53,19:06
Kota Jakarta,"Sabtu, 18/11/2028",03:55,04:05,05:22,05:51,11:41,15:03,17:53,19:07
Kota Jakarta,"Minggu, 19/11/2028",03:55,04:05,05:22,05:51,11:42,15:04,17:54,19:07
Kota Jakarta,"Senin, 20/11/2028",03:55,04:05,05:23,05:51,11:42,15:04,17:54,19:08
Kota Jakarta,"Selasa, 21/11/2028",03:55,04:05,05:23,05:51,11:42,15:05,17:55,19:08
Kota Jakarta,"Rabu, 22/11/2028",03:55,04:05,05:23,05:51,11:42,15:05,17:55,19:09
Kota Jakarta,"Kamis, 23/11/2028",03:55,04:05,05:23,05:52,11:43,15:06,17:55,19:09
Kota Jakarta,"Jumat, 24/11/2028",03:55,04:05,05:23,05:52,11:43,15:06,17:56,19:10
Kota Jakarta,"Sabtu, 25/11/2028",03:56,04:06,05:23,05:52,11:43,15:07,17:56,19:10
Kota Jakarta,"Minggu, 26/11/2028",03:56,04:06,05:24,05:52,11:44,15:07,17:56,19:11
Kota Jakarta,"Senin, 27/11/2028",03:56,04:06,05:24,05:53,11:44,15:08,17:57,19:11
Kota Jakarta,"Selasa, 28/11/2028",03:56,04:06,05:24,05:53,11:44,15:08,17:57,19:12
Kota Jakarta,"Rabu, 29/11/2028",03:56,04:06,05:24,05:53,11:45,15:09,17:58,19:12
Kota Jakarta,"Kamis, 30/11/2028",03:56,04:06,05:25,05:53,11:45,15:09,17:58,19:13
Kota Jakarta,"Jumat, 01/12/2028",03:56,04:06,05:25,05:54,11:45,15:10,17:59,19:13
Kota Jakarta,"Sabtu, 02/12/2028",03:57,04:07,05:25,05:54,11:46,15:11,17:59,19:14
Kota Jakarta,"Minggu, 03/12/2028",03:57,04:07,05:26,05:54,11:46,15:11,18:00,19:14
Kota Jakarta,"Senin, 04/12/2028",03:57,04:07,05:26,05:55,11:46,15:12,18:00,19:15
Kota Jakarta,"Selasa, 05/12/2028",03:57,04:07,05:26,05:55,11:47,15:12,18:01,19:16
Kota Jakarta,"Rabu, 06/12/2028",03:58,04:08,05:27,05:56,11:47,15:13,18:01,19:16
Kota Jakarta,"Kamis, 07/12/2028",03:58,04:08,05:27,05:56,11:48,15:13,18:02,19:17
Kota Jakarta,"Jumat, 08/12/2028",03:58,04:08,05:27,05:56,11:48,15:14,18:02,19:17
Kota Jakarta,"Sabtu, 09/12/2028",03:58,04:08,05:28,05:57,11:49,15:14,18:03,19:18
Kota Jakarta,"Minggu, 10/12/2028",03:59,04:09,05:28,05:57,11:49,15:15,18:03,19:18
Kota Jakarta,"Senin, 11/12/2028",03:59,04:09,05:28,05:58,11:50,15:15,18:04,19:19
Kota Jakarta,"Selasa, 12/12/2028",03:59,04:09,05:29,05:58,11:50,15:16,18:04,19:19
Kota Jakarta,"Rabu, 13/12/2028",04:00,04:10,05:29,05:58,11:50,15:17,18:05,19:20
Kota Jakarta,"Kamis, 14/12/2028",04:00,04:10,05:30,05:59,11:51,15:17,18:05,19:21
Kota Jakarta,"Jumat, 15/12/2028",04:01,04:11,05:30,05:59,11:51,15:18,18:06,19:21
Kota Jakarta,"Sabtu, 16/12/2028",04:01,04:11,05:31,06:00,11:52,15:18,18:06,19:22
Kota Jakarta,"Minggu, 17/12/2028",04:02,04:12,05:31,06:00,11:52,15:19,18:07,19:22
Kota Jakarta,"Senin, 18/12/2028",04:02,04:12,05:32,06:01,11:53,15:19,18:07,19:23
Kota Jakarta,"Selasa, 19/12/2028",04:02,04:12,05:32,06:01,11:53,15:20,18:08,19:23
Kota Jakarta,"Rabu, 20/12/2028",04:03,04:13,05:33,06:02,11:54,15:20,18:08,19:24
Kota Jakarta,"Kamis, 21/12/2028",04:03,04:13,05:33,06:02,11:54,15:21,18:09,19:24
Kota Jakarta,"Jumat, 22/12/2028",04:04,04:14,05:34,06:03,11:55,15:21,18:09,19:25
Kota Jakarta,"Sabtu, 23/12/2028",04:04,04:14,05:34,06:03,11:55,15:22,18:10,19:25
Kota Jakarta,"Minggu, 24/12/2028",04:05,04:15,05:35,06:04,11:56,15:22,18:10,19:26
Kota Jakarta,"Senin, 25/12/2028",04:05,04:15,05:35,06:04,11:56,15:23,18:11,19:26
Kota Jakarta,"Selasa, 26/12/2028",04:06,04:16,05:36,06:05,11:57,15:23,18:11,19:27
Kota Jakarta,"Rabu, 27/12/2028",04:07,04:17,05:36,06:05,11:57,15:24,18:12,19:27
Kota Jakarta,"Kamis, 28/12/2028",04:07,04:17,05:37,06:06,11:58,15:24,18:12,19:27
Kota Jakarta,"Jumat, 29/12/2028",04:08,04:18,05:37,06:06,11:58,15:24,18:12,19:28
Kota Jakarta,"Sabtu, 30/12/2028",04:08,04:18,05:38,06:07,11:59,15:25,18:13,19:28
Kota Jakarta,"Minggu, 31/12/2028",04:09,04:19,05:38,06:07,11:59,15:25,18:13,19:29
Kab. Kepulauan Seribu,"Sabtu, 01/01/2028",04:11,04:21,05:40,06:09,12:00,15:26,18:14,19:29
Kab. Kepulauan Seribu,"Minggu, 02/01/2028",04:11,04:21,05:40,06:09,12:01,15:27,18:14,19:29
Kab. Kepulauan Seribu,"Senin, 03/01/2028",04:12,04:22,05:41,06:10,12:01,15:27,18:14,19:29
Kab. Kepulauan Seribu,"Selasa, 04/01/2028",04:12,04:22,05:41,06:10,12:02,15:27,18:15,19:30
Kab. Kepulauan Seribu,"Rabu, 05/01/2028",04:13,04:23,05:42,06:11,12:02,15:28,18:15,19:30
Kab. Kepulauan Seribu,"Kamis, 06/01/2028",04:14,04:24,05:42,06:11,12:03,15:28,18:16,19:30
Kab. Kepulauan Seribu,"Jumat, 07/01/2028",04:14,04:24,05:43,06:12,12:03,15:28,18:16,19:31
Kab. Kepulauan Seribu,"Sabtu, 08/01/2028",04:15,04:25,05:43,06:12,12:03,15:29,18:16,19:31
Kab. Kepulauan Seribu,"Minggu, 09/01/2028",04:15,04:25,05:44,06:13,12:04,15:29,18:17,19:31
Kab. Kepulauan Seribu,"Senin, 10/01/2028",04:16,04:26,05:44,06:13,12:04,15:29,18:17,19:32
Kab. Kepulauan Seribu,"Selasa, 11/01/2028",04:16,04:26,05:45,06:14,12:05,15:30,18:17,19:32
Kab. Kepulauan Seribu,"Rabu, 12/01/2028",04:17,04:27,05:45,06:14,12:05,15:30,18:18,19:32
Kab. Kepulauan Seribu,"Kamis, 13/01/2028",04:18,04:28,05:46,06:15,12:05,15:30,18:18,19:32
Kab. Kepulauan Seribu,"Jumat, 14/01/2028",04:18,04:28,05:46,06:15,12:06,15:30,18:18,19:32
Kab. Kepulauan Seribu,"Sabtu, 15/01/2028",04:19,04:29,05:47,06:16,12:06,15:30,18:18,19:33
Kab. Kepulauan Seribu,"Minggu, 16/01/2028",04:19,04:29,05:47,06:16,12:07,15:31,18:19,19:33
Kab. Kepulauan Seribu,"Senin, 17/01/2028",04:20,04:30,05:48,06:16,12:07,15:31,18:19,19:33
Kab. Kepulauan Seribu,"Selasa, 18/01/2028",04:20,04:30,05:48,06:17,12:07,15:31,18:19,19:33
Kab. Kepulauan Seribu,"Rabu, 19/01/2028",04:21,04:31,05:49,06:17,12:08,15:31,18:19,19:33
Kab. Kepulauan Seribu,"Kamis, 20/01/2028",04:21,04:31,05:49,06:17,12:08,15:31,18:20,19:33
Kab. Kepulauan Seribu,"Jumat, 21/01/2028",04:22,04:32,05:49,06:18,12:08,15:31,18:20,19:33
Kab. Kepulauan Seribu,"Sabtu, 22/01/2028",04:23,04:33,05:50,06:18,12:08,15:31,18:20,19:33
Kab. Kepulauan Seribu,"Minggu, 23/01/2028",04:23,04:33,05:50,06:19,12:09,15:31,18:20,19:33
Kab. Kepulauan Seribu,"Senin, 24/01/2028",04:24,04:34,05:50,06:19,12:09,15:31,18:20,19:33
Kab. Kepulauan Seribu,"Selasa, 25/01/2028",04:24,04:34,05:51,06:19,12:09,15:31,18:20,19:33
Kab. Kepulauan Seribu,"Rabu, 26/01/2028",04:25,04:35,05:51,06:20,12:09,15:31,18:21,19:33
Kab. Kepulauan Seribu,"Kamis, 27/01/2028",04:25,04:35,05:52,06:20,12:10,15:31,18:21,19:33
Kab. Kepulauan Seribu,"Jumat, 28/01/2028",04:25,04:35,05:52,06:20,12:10,15:31,18:21,19:33
Kab. Kepulauan Seribu,"Sabtu, 29/01/2028",04:26,04:36,05:52,06:20,12:10,15:31,18:21,19:33
Kab. Kepulauan Seribu,"Minggu, 30/01/2028",04:26,04:36,05:52,06:21,12:10,15:30,18:21,19:33
Kab. Kepulauan Seribu,"Senin, 31/01/2028",04:27,04:37,05:53,06:21,12:10,15:30,18:21,19:33
Kab. Kepulauan Seribu,"Selasa, 01/02/2028",04:27,04:37,05:53,06:21,12:10,15:30,18:21,19:33
Kab. Kepulauan Seribu,"Rabu, 02/02/2028",04:28,04:38,05:53,06:21,12:11,15:30,18:21,19:33
Kab. Kepulauan Seribu,"Kamis, 03/02/2028",04:28,04:38,05:54,06:22,12:11,15:30,18:21,19:33
Kab. Kepulauan Seribu,"Jumat, 04/02/2028",04:28,04:38,05:54,06:22,12:11,15:29,18:21,19:33
Kab. Kepulauan Seribu,"Sabtu, 05/02/2028",04:29,04:39,05:54,06:22,12:11,15:29,18:21,19:32
Kab. Kepulauan Seribu,"Minggu, 06/02/2028",04:29,04:39,05:54,06:22,12:11,15:29,18:21,19:32
Kab. Kepulauan Seribu,"Senin, 07/02/2028",04:30,04:40,05:54,06:22,12:11,15:28,18:21,19:32
Kab. Kepulauan Seribu,"Selasa, 08/02/2028",04:30,04:40,05:55,06:23,12:11,15:28,18:21,19:32
Kab. Kepulauan Seribu,"Rabu, 09/02/2028",04:30,04:40,05:55,06:23,12:11,15:27,18:20,19:32
Kab. Kepulauan Seribu,"Kamis, 10/02/2028",04:31,04:41,05:55,06:23,12:11,15:27,18:20,19:31
Kab. Kepulauan Seribu,"Jumat, 11/02/2028",04:31,04:41,05:55,06:23,12:11,15:27,18:20,19:31
Kab. Kepulauan Seribu,"Sabtu, 12/02/2028",04:31,04:41,05:55,06:23,12:11,15:26,18:20,19:31
Kab. Kepulauan Seribu,"Minggu, 13/02/2028",04:31,04:41,05:56,06:23,12:11,15:26,18:20,19:31
Kab. Kepulauan Seribu,"Senin, 14/02/2028",04:32,04:42,05:56,06:23,12:11,15:25,18:20,19:30
Kab. Kepulauan Seribu,"Selasa, 15/02/2028",04:32,04:42,05:56,06:23,12:11,15:24,18:19,19:30
Kab. Kepulauan Seribu,"Rabu, 16/02/2028",04:32,04:42,05:56,06:23,12:11,15:24,18:19,19:30
Kab. Kepulauan Seribu,"Kamis, 17/02/2028",04:32,04:42,05:56,06:24,12:11,15:23,18:19,19:29
Kab. Kepulauan Seribu,"Jumat, 18/02/2028",04:33,04:43,05:56,06:24,12:11,15:23,18:19,19:29
Kab. Kepulauan Seribu,"Sabtu, 19/02/2028",04:33,04:43,05:56,06:24,12:11,15:22,18:19,19:29
Kab. Kepulauan Seribu,"Minggu, 20/02/2028",04:33,04:43,05:56,06:24,12:11,15:21,18:18,19:28
Kab. Kepulauan Seribu,"Senin, 21/02/2028",04:33,04:43,05:56,06:24,12:11,15:21,18:18,19:28
Kab. Kepulauan Seribu,"Selasa, 22/02/2028",04:33,04:43,05:56,06:24,12:11,15:20,18:18,19:28
Kab. Kepulauan Seribu,"Rabu, 23/02/2028",04:33,04:43,05:56,06:24,12:10,15:19,18:18,19:27
Kab. Kepulauan Seribu,"Kamis, 24/02/2028",04:33,04:43,05:56,06:24,12:10,15:18,18:17,19:27
Kab. Kepulauan Seribu,"Jumat, 25/02/2028",04:34,04:44,05:56,06:24,12:10,15:17,18:17,19:26
Kab. Kepulauan Seribu,"Sabtu, 26/02/2028",04:34,04:44,05:56,06:24,12:10,15:17,18:17,19:26
Kab. Kepulauan Seribu,"Minggu, 27/02/2028",04:34,04:44,05:56,06:24,12:10,15:16,18:16,19:26
Kab. Kepulauan Seribu,"Senin, 28/02/2028",04:34,04:44,05:56,06:24,12:10,15:15,18:16,19:25
Kab. Kepulauan Seribu,"Selasa, 29/02/2028",04:34,04:44,05:56,06:24,12:09,15:14,18:16,19:25
Kab. Kepulauan Seribu,"Rabu, 01/03/2028",04:34,04:44,05:56,06:24,12:09,15:13,18:15,19:24
Kab. Kepulauan Seribu,"Kamis, 02/03/2028",04:34,04:44,05:56,06:24,12:09,15:12,18:15,19:24
Kab. Kepulauan Seribu,"Jumat, 03/03/2028",04:34,04:44,05:56,06:23,12:09,15:11,18:15,19:23
Kab. Kepulauan Seribu,"Sabtu, 04/03/2028",04:34,04:44,05:56,06:23,12:09,15:10,18:14,19:23
Kab. Kepulauan Seribu,"Minggu, 05/03/2028",04:34,04:44,05:56,06:23,12:08,15:09,18:14,19:23
Kab. Kepulauan Seribu,"Senin, 06/03/2028",04:34,04:44,05:56,06:23,12:08,15:08,18:13,19:22
Kab. Kepulauan Seribu,"Selasa, 07/03/2028",04:34,04:44,05:56,06:23,12:08,15:09,18:13,19:22
Kab. Kepulauan Seribu,"Rabu, 08/03/2028",04:34,04:44,05:56,06:23,12:08,15:09,18:13,19:21
Kab. Kepulauan Seribu,"Kamis, 09/03/2028",04:34,04:44,05:56,06:23,12:07,15:10,18:12,19:21
Kab. Kepulauan Seribu,"Jumat, 10/03/2028",04:34,04:44,05:56,06:23,12:07,15:10,18:12,19:20
Kab. Kepulauan Seribu,"Sabtu, 11/03/2028",04:34,04:44,05:56,06:23,12:07,15:11,18:11,19:20
Kab. Kepulauan Seribu,"Minggu, 12/03/2028",04:34,04:44,05:55,06:23,12:07,15:11,18:11,19:19
Kab. Kepulauan Seribu,"Senin, 13/03/2028",04:34,04:44,05:55,06:22,12:06,15:11,18:10,19:19
Kab. Kepulauan Seribu,"Selasa, 14/03/2028",04:34,04:44,05:55,06:22,12:06,15:12,18:10,19:18
Kab. Kepulauan Seribu,"Rabu, 15/03/2028",04:34,04:44,05:55,06:22,12:06,15:12,18:10,19:18
Kab. Kepulauan Seribu,"Kamis, 16/03/2028",04:34,04:44,05:55,06:22,12:06,15:12,18:09,19:17
Kab. Kepulauan Seribu,"Jumat, 17/03/2028",04:33,04:43,05:55,06:22,12:05,15:12,18:09,19:17
Kab. Kepulauan Seribu,"Sabtu, 18/03/2028",04:33,04:43,05:55,06:22,12:05,15:13,18:08,19:17
Kab. Kepulauan Seribu,"Minggu, 19/03/2028",04:33,04:43,05:55,06:22,12:05,15:13,18:08,19:16
Kab. Kepulauan Seribu,"Senin, 20/03/2028",04:33,04:43,05:54,06:22,12:04,15:13,18:07,19:16
Kab. Kepulauan Seribu,"Selasa, 21/03/2028",04:33,04:43,05:54,06:21,12:04,15:14,18:07,19:16
Kab. Kepulauan Seribu,"Rabu, 22/03/2028",04:33,04:43,05:54,06:21,12:04,15:14,18:06,19:15
Kab. Kepulauan Seribu,"Kamis, 23/03/2028",04:33,04:43,05:54,06:21,12:04,15:14,18:06,19:14
Kab. Kepulauan Seribu,"Jumat, 24/03/2028",04:33,04:43,05:54,06:21,12:03,15:14,18:05,19:14
Kab. Kepulauan Seribu,"Sabtu, 25/03/2028",04:32,04:42,05:54,06:21,12:03,15:14,18:05,19:13
Kab. Kepulauan Seribu,"Minggu, 26/03/2028",04:32,04:42,05:54,06:21,12:03,15:14,18:05,19:13
Kab. Kepulauan Seribu,"Senin, 27/03/2028",04:32,04:42,05:53,06:21,12:02,15:14,18:04,19:12
Kab. Kepulauan Seribu,"Selasa, 28/03/2028",04:32,04:42,05:53,06:20,12:02,15:14,18:04,19:12
Kab. Kepulauan Seribu,"Rabu, 29/03/2028",04:32,04:42,05:53,06:20,12:02,15:15,18:03,19:12
Kab. Kepulauan Seribu,"Kamis, 30/03/2028",04:32,04:42,05:53,06:20,12:01,15:15,18:03,19:11
Kab. Kepulauan Seribu,"Jumat, 31/03/2028",04:31,04:41,05:53,06:20,12:01,15:15,18:02,19:11
Kab. Kepulauan Seribu,"Sabtu, 01/04/2028",04:31,04:41,05:53,06:20,12:01,15:15,18:02,19:10
Kab. Kepulauan Seribu,"Minggu, 02/04/2028",04:31,04:41,05:53,06:20,12:01,15:15,18:01,19:10
Kab. Kepulauan Seribu,"Senin, 03/04/2028",04:31,04:41,05:52,06:20,12:00,15:15,18:01,19:10
Kab. Kepulauan Seribu,"Selasa, 04/04/2028",04:31,04:41,05:52,06:20,12:00,15:15,18:01,19:09
Kab. Kepulauan Seribu,"Rabu, 05/04/2028",04:30,04:40,05:52,06:19,12:00,15:15,18:00,19:09
Kab. Kepulauan Seribu,"Kamis, 06/04/2028",04:30,04:40,05:52,06:19,11:59,15:15,18:00,19:08
Kab. Kepulauan Seribu,"Jumat, 07/04/2028",04:30,04:40,05:52,06:19,11:59,15:15,17:59,19:08
Kab. Kepulauan Seribu,"Sabtu, 08/04/2028",04:30,04:40,05:52,06:19,11:59,15:15,17:59,19:08
Kab. Kepulauan Seribu,"Minggu, 09/04/2028",04:30,04:40,05:52,06:19,11:59,15:15,17:58,19:07
Kab. Kepulauan Seribu,"Senin, 10/04/2028",04:30,04:40,05:52,06:19,11:58,15:15,17:58,19:07
Kab. Kepulauan Seribu,"Selasa, 11/04/2028",04:29,04:39,05:51,06:19,11:58,15:15,17:58,19:07
Kab. Kepulauan Seribu,"Rabu, 12/04/2028",04:29,04:39,05:51,06:19,11:58,15:15,17:57,19:06
Kab. Kepulauan Seribu,"Kamis, 13/04/2028",04:29,04:39,05:51,06:19,11:58,15:15,17:57,19:06
Kab. Kepulauan Seribu,"Jumat, 14/04/2028",04:29,04:39,05:51,06:19,11:57,15:15,17:56,19:06
Kab. Kepulauan Seribu,"Sabtu, 15/04/2028",04:29,04:39,05:51,06:18,11:57,15:15,17:56,19:05
Kab. Kepulauan Seribu,"Minggu, 16/04/2028",04:28,04:38,05:51,06:18,11:57,15:15,17:56,19:05
Kab. Kepulauan Seribu,"Senin, 17/04/2028",04:28,04:38,05:51,06:18,11:57,15:15,17:55,19:05
Kab. Kepulauan Seribu,"Selasa, 18/04/2028",04:28,04:38,05:51,06:18,11:56,15:15,17:55,19:04
Kab. Kepulauan Seribu,"Rabu, 19/04/2028",04:28,04:38,05:51,06:18,11:56,15:15,17:54,19:04
Kab. Kepulauan Seribu,"Kamis, 20/04/2028",04:28,04:38,05:51,06:18,11:56,15:15,17:54,19:04
Kab. Kepulauan Seribu,"Jumat, 21/04/2028",04:28,04:38,05:51,06:18,11:56,15:15,17:54,19:04
Kab. Kepulauan Seribu,"Sabtu, 22/04/2028",04:28,04:38,05:50,06:18,11:56,15:15,17:53,19:03
Kab. Kepulauan Seribu,"Minggu, 23/04/2028",04:27,04:37,05:50,06:18,11:55,15:15,17:53,19:03
Kab. Kepulauan Seribu,"Senin, 24/04/2028",04:27,04:37,05:50,06:18,11:55,15:15,17:53,19:03
Kab. Kepulauan Seribu,"Selasa, 25/04/2028",04:27,04:37,05:50,06:18,11:55,15:15,17:53,19:03
Kab. Kepulauan Seribu,"Rabu, 26/04/2028",04:27,04:37,05:50,06:18,11:55,15:15,17:52,19:02
Kab. Kepulauan Seribu,"Kamis, 27/04/2028",04:27,04:37,05:50,06:18,11:55,15:15,17:52,19:02
Kab. Kepulauan Seribu,"Jumat, 28/04/2028",04:27,04:37,05:50,06:18,11:55,15:15,17:52,19:02
Kab. Kepulauan Seribu,"Sabtu, 29/04/2028",04:27,04:37,05:50,06:18,11:54,15:15,17:51,19:02
Kab. Kepulauan Seribu,"Minggu, 30/04/2028",04:26,04:36,05:50,06:18,11:54,15:15,17:51,19:02
Kab. Kepulauan Seribu,"Senin, 01/05/2028",04:26,04:36,05:50,06:18,11:54,15:14,17:51,19:02
Kab. Kepulauan Seribu,"Selasa, 02/05/2028",04:26,04:36,05:50,06:18,11:54,15:14,17:51,19:01
Kab. Kepulauan Seribu,"Rabu, 03/05/2028",04:26,04:36,05:50,06:18,11:54,15:14,17:50,19:01
Kab. Kepulauan Seribu,"Kamis, 04/05/2028",04:26,04:36,05:50,06:18,11:54,15:14,17:50,19:01
Kab. Kepulauan Seribu,"Jumat, 05/05/2028",04:26,04:36,05:50,06:18,11:54,15:14,17:50,19:01
Kab. Kepulauan Seribu,"Sabtu, 06/05/2028",04:26,04:36,05:50,06:18,11:54,15:14,17:50,19:01
Kab. Kepulauan Seribu,"Minggu, 07/05/2028",04:26,04:36,05:50,06:19,11:54,15:14,17:50,19:01
Kab. Kepulauan Seribu,"Senin, 08/05/2028",04:26,04:36,05:50,06:19,11:54,15:14,17:50,19:01
Kab. Kepulauan Seribu,"Selasa, 09/05/2028",04:26,04:36,05:51,06:19,11:53,15:14,17:49,19:01
Kab. Kepulauan Seribu,"Rabu, 10/05/2028",04:26,04:36,05:51,06:19,11:53,15:14,17:49,19:01
Kab. Kepulauan Seribu,"Kamis, 11/05/2028",04:26,04:36,05:51,06:19,11:53,15:14,17:49,19:01
Kab. Kepulauan Seribu,"Jumat, 12/05/2028",04:26,04:36,05:51,06:19,11:53,15:14,17:49,19:01
Kab. Kepulauan Seribu,"Sabtu, 13/05/2028",04:26,04:36,05:51,06:19,11:53,15:14,17:49,19:01
Kab. Kepulauan Seribu,"Minggu, 14/05/2028",04:26,04:36,05:51,06:19,11:53,15:15,17:49,19:01
Kab. Kepulauan Seribu,"Senin, 15/05/2028",04:26,04:36,05:51,06:19,11:53,15:15,17:49,19:01
Kab. Kepulauan Seribu,"Selasa, 16/05/2028",04:26,04:36,05:51,06:20,11:53,15:15,17:49,19:01
Kab. Kepulauan Seribu,"Rabu, 17/05/2028",04:26,04:36,05:51,06:20,11:53,15:15,17:49,19:01
Kab. Kepulauan Seribu,"Kamis, 18/05/2028",04:26,04:36,05:51,06:20,11:53,15:15,17:49,19:01
Kab. Kepulauan Seribu,"Jumat, 19/05/2028",04:26,04:36,05:52,06:20,11:54,15:15,17:48,19:01
Kab. Kepulauan Seribu,"Sabtu, 20/05/2028",04:26,04:36,05:52,06:20,11:54,15:15,17:48,19:01
Kab. Kepulauan Seribu,"Minggu, 21/05/2028",04:26,04:36,05:52,06:20,11:54,15:15,17:48,19:01
Kab. Kepulauan Seribu,"Senin, 22/05/2028",04:26,04:36,05:52,06:21,11:54,15:15,17:48,19:01
Kab. Kepulauan Seribu,"Selasa, 23/05/2028",04:26,04:36,05:52,06:21,11:54,15:15,17:48,19:01
Kab. Kepulauan Seribu,"Rabu, 24/05/2028",04:26,04:36,05:52,06:21,11:54,15:15,17:48,19:01
Kab. Kepulauan Seribu,"Kamis, 25/05/2028",04:26,04:36,05:53,06:21,11:54,15:15,17:48,19:01
Kab. Kepulauan Seribu,"Jumat, 26/05/2028",04:26,04:36,05:53,06:21,11:54,15:15,17:48,19:02
Kab. Kepulauan Seribu,"Sabtu, 27/05/2028",04:26,04:36,05:53,06:22,11:54,15:16,17:49,19:02
Kab. Kepulauan Seribu,"Minggu, 28/05/2028",04:26,04:36,05:53,06:22,11:54,15:16,17:49,19:02
Kab. Kepulauan Seribu,"Senin, 29/05/2028",04:26,04:36,05:53,06:22,11:54,15:16,17:49,19:02
Kab. Kepulauan Seribu,"Selasa, 30/05/2028",04:27,04:37,05:54,06:22,11:55,15:16,17:49,19:02
Kab. Kepulauan Seribu,"Rabu, 31/05/2028",04:27,04:37,05:54,06:23,11:55,15:16,17:49,19:02
Kab. Kepulauan Seribu,"Kamis, 01/06/2028",04:27,04:37,05:54,06:23,11:55,15:16,17:49,19:02
Kab. Kepulauan Seribu,"Jumat, 02/06/2028",04:27,04:37,05:54,06:23,11:55,15:16,17:49,19:03
Kab. Kepulauan Seribu,"Sabtu, 03/06/2028",04:27,04:37,05:54,06:23,11:55,15:17,17:49,19:03
Kab. Kepulauan Seribu,"Minggu, 04/06/2028",04:27,04:37,05:55,06:24,11:55,15:17,17:49,19:03
Kab. Kepulauan Seribu,"Senin, 05/06/2028",04:27,04:37,05:55,06:24,11:56,15:17,17:49,19:03
Kab. Kepulauan Seribu,"Selasa, 06/06/2028",04:28,04:38,05:55,06:24,11:56,15:17,17:50,19:03
Kab. Kepulauan Seribu,"Rabu, 07/06/2028",04:28,04:38,05:55,06:24,11:56,15:17,17:50,19:04
Kab. Kepulauan Seribu,"Kamis, 08/06/2028",04:28,04:38,05:55,06:25,11:56,15:17,17:50,19:04
Kab. Kepulauan Seribu,"Jumat, 09/06/2028",04:28,04:38,05:56,06:25,11:56,15:18,17:50,19:04
Kab. Kepulauan Seribu,"Sabtu, 10/06/2028",04:28,04:38,05:56,06:25,11:57,15:18,17:50,19:04
Kab. Kepulauan Seribu,"Minggu, 11/06/2028",04:28,04:38,05:56,06:25,11:57,15:18,17:50,19:04
Kab. Kepulauan Seribu,"Senin, 12/06/2028",04:29,04:39,05:56,06:26,11:57,15:18,17:51,19:05
Kab. Kepulauan Seribu,"Selasa, 13/06/2028",04:29,04:39,05:57,06:26,11:57,15:18,17:51,19:05
Kab. Kepulauan Seribu,"Rabu, 14/06/2028",04:29,04:39,05:57,06:26,11:57,15:19,17:51,19:05
Kab. Kepulauan Seribu,"Kamis, 15/06/2028",04:29,04:39,05:57,06:26,11:58,15:19,17:51,19:05
Kab. Kepulauan Seribu,"Jumat, 16/06/2028",04:29,04:39,05:57,06:26,11:58,15:19,17:51,19:05
Kab. Kepulauan Seribu,"Sabtu, 17/06/2028",04:30,04:40,05:58,06:27,11:58,15:19,17:51,19:06
Kab. Kepulauan Seribu,"Minggu, 18/06/2028",04:30,04:40,05:58,06:27,11:58,15:20,17:52,19:06
Kab. Kepulauan Seribu,"Senin, 19/06/2028",04:30,04:40,05:58,06:27,11:58,15:20,17:52,19:06
Kab. Kepulauan Seribu,"Selasa, 20/06/2028",04:30,04:40,05:58,06:27,11:59,15:20,17:52,19:06
Kab. Kepulauan Seribu,"Rabu, 21/06/2028",04:31,04:41,05:58,06:28,11:59,15:20,17:52,19:07
Kab. Kepulauan Seribu,"Kamis, 22/06/2028",04:31,04:41,05:59,06:28,11:59,15:20,17:53,19:07
Kab. Kepulauan Seribu,"Jumat, 23/06/2028",04:31,04:41,05:59,06:28,11:59,15:21,17:53,19:07
Kab. Kepulauan Seribu,"Sabtu, 24/06/2028",04:31,04:41,05:59,06:28,12:00,15:21,17:53,19:07
Kab. Kepulauan Seribu,"Minggu, 25/06/2028",04:31,04:41,05:59,06:28,12:00,15:21,17:53,19:07
Kab. Kepulauan Seribu,"Senin, 26/06/2028",04:32,04:42,06:00,06:29,12:00,15:21,17:53,19:08
Kab. Kepulauan Seribu,"Selasa, 27/06/2028",04:32,04:42,06:00,06:29,12:00,15:22,17:54,19:08
Kab. Kepulauan Seribu,"Rabu, 28/06/2028",04:32,04:42,06:00,06:29,12:00,15:22,17:54,19:08
Kab. Kepulauan Seribu,"Kamis, 29/06/2028",04:32,04:42,06:00,06:29,12:01,15:22,17:54,19:08
Kab. Kepulauan Seribu,"Jumat, 30/06/2028",04:32,04:42,06:00,06:29,12:01,15:22,17:54,19:08
Kab. Kepulauan Seribu,"Sabtu, 01/07/2028",04:33,04:43,06:00,06:29,12:01,15:22,17:55,19:09
Kab. Kepulauan Seribu,"Minggu, 02/07/2028",04:33,04:43,06:01,06:30,12:01,15:23,17:55,19:09
Kab. Kepulauan Seribu,"Senin, 03/07/2028",04:33,04:43,06:01,06:30,12:01,15:23,17:55,19:09
Kab. Kepulauan Seribu,"Selasa, 04/07/2028",04:33,04:43,06:01,06:30,12:02,15:23,17:55,19:09
Kab. Kepulauan Seribu,"Rabu, 05/07/2028",04:33,04:43,06:01,06:30,12:02,15:23,17:55,19:09
Kab. Kepulauan Seribu,"Kamis, 06/07/2028",04:34,04:44,06:01,06:30,12:02,15:23,17:56,19:09
Kab. Kepulauan Seribu,"Jumat, 07/07/2028",04:34,04:44,06:01,06:30,12:02,15:23,17:56,19:10
Kab. Kepulauan Seribu,"Sabtu, 08/07/2028",04:34,04:44,06:01,06:30,12:02,15:24,17:56,19:10
Kab. Kepulauan Seribu,"Minggu, 09/07/2028",04:34,04:44,06:01,06:30,12:02,15:24,17:56,19:10
Kab. Kepulauan Seribu,"Senin, 10/07/2028",04:34,04:44,06:02,06:30,12:02,15:24,17:56,19:10
Kab. Kepulauan Seribu,"Selasa, 11/07/2028",04:34,04:44,06:02,06:30,12:03,15:24,17:57,19:10
Kab. Kepulauan Seribu,"Rabu, 12/07/2028",04:35,04:45,06:02,06:31,12:03,15:24,17:57,19:10
Kab. Kepulauan Seribu,"Kamis, 13/07/2028",04:35,04:45,06:02,06:31,12:03,15:24,17:57,19:10
Kab. Kepulauan Seribu,"Jumat, 14/07/2028",04:35,04:45,06:02,06:31,12:03,15:24,17:57,19:10
Kab. Kepulauan Seribu,"Sabtu, 15/07/2028",04:35,04:45,06:02,06:31,12:03,15:25,17:57,19:11
Kab. Kepulauan Seribu,"Minggu, 16/07/2028",04:35,04:45,06:02,06:31,12:03,15:25,17:58,19:11
Kab. Kepulauan Seribu,"Senin, 17/07/2028",04:35,04:45,06:02,06:31,12:03,15:25,17:58,19:11
Kab. Kepulauan Seribu,"Selasa, 18/07/2028",04:35,04:45,06:02,06:31,12:03,15:25,17:58,19:11
Kab. Kepulauan Seribu,"Rabu, 19/07/2028",04:35,04:45,06:02,06:31,12:03,15:25,17:58,19:11
Kab. Kepulauan Seribu,"Kamis, 20/07/2028",04:35,04:45,06:02,06:30,12:03,15:25,17:58,19:11
Kab. Kepulauan Seribu,"Jumat, 21/07/2028",04:36,04:46,06:02,06:30,12:03,15:25,17:58,19:11
Kab. Kepulauan Seribu,"Sabtu, 22/07/2028",04:36,04:46,06:02,06:30,12:04,15:25,17:58,19:11
Kab. Kepulauan Seribu,"Minggu, 23/07/2028",04:36,04:46,06:02,06:30,12:04,15:25,17:58,19:11
Kab. Kepulauan Seribu,"Senin, 24/07/2028",04:36,04:46,06:02,06:30,12:04,15:25,17:59,19:11
Kab. Kepulauan Seribu,"Selasa, 25/07/2028",04:36,04:46,06:02,06:30,12:04,15:25,17:59,19:11
Kab. Kepulauan Seribu,"Rabu, 26/07/2028",04:36,04:46,06:01,06:30,12:04,15:25,17:59,19:11
Kab. Kepulauan Seribu,"Kamis, 27/07/2028",04:36,04:46,06:01,06:30,12:04,15:25,17:59,19:11
Kab. Kepulauan Seribu,"Jumat, 28/07/2028",04:36,04:46,06:01,06:30,12:04,15:25,17:59,19:11
Kab. Kepulauan Seribu,"Sabtu, 29/07/2028",04:36,04:46,06:01,06:29,12:04,15:25,17:59,19:11
Kab. Kepulauan Seribu,"Minggu, 30/07/2028",04:36,04:46,06:01,06:29,12:03,15:25,17:59,19:11
Kab. Kepulauan Seribu,"Senin, 31/07/2028",04:36,04:46,06:01,06:29,12:03,15:25,17:59,19:11
Kab. Kepulauan Seribu,"Selasa, 01/08/2028",04:36,04:46,06:01,06:29,12:03,15:25,17:59,19:11
Kab. Kepulauan Seribu,"Rabu, 02/08/2028",04:36,04:46,06:00,06:29,12:03,15:25,17:59,19:11
Kab. Kepulauan Seribu,"Kamis, 03/08/2028",04:35,04:45,06:00,06:28,12:03,15:24,17:59,19:11
Kab. Kepulauan Seribu,"Jumat, 04/08/2028",04:35,04:45,06:00,06:28,12:03,15:24,17:59,19:10
Kab. Kepulauan Seribu,"Sabtu, 05/08/2028",04:35,04:45,06:00,06:28,12:03,15:24,17:59,19:10
Kab. Kepulauan Seribu,"Minggu, 06/08/2028",04:35,04:45,06:00,06:28,12:03,15:24,17:59,19:10
Kab. Kepulauan Seribu,"Senin, 07/08/2028",04:35,04:45,05:59,06:27,12:03,15:24,17:59,19:10
Kab. Kepulauan Seribu,"Selasa, 08/08/2028",04:35,04:45,05:59,06:27,12:03,15:24,17:59,19:10
Kab. Kepulauan Seribu,"Rabu, 09/08/2028",04:35,04:45,05:59,06:27,12:03,15:23,17:59,19:10
Kab. Kepulauan Seribu,"Kamis, 10/08/2028",04:35,04:45,05:59,06:27,12:02,15:23,17:59,19:10
Kab. Kepulauan Seribu,"Jumat, 11/08/2028",04:34,04:44,05:58,06:26,12:02,15:23,17:59,19:10
Kab. Kepulauan Seribu,"Sabtu, 12/08/2028",04:34,04:44,05:58,06:26,12:02,15:23,17:59,19:10
Kab. Kepulauan Seribu,"Minggu, 13/08/2028",04:34,04:44,05:58,06:26,12:02,15:22,17:59,19:09
Kab. Kepulauan Seribu,"Senin, 14/08/2028",04:34,04:44,05:57,06:25,12:02,15:22,17:59,19:09
Kab. Kepulauan Seribu,"Selasa, 15/08/2028",04:34,04:44,05:57,06:25,12:01,15:22,17:59,19:09
Kab. Kepulauan Seribu,"Rabu, 16/08/2028",04:33,04:43,05:57,06:25,12:01,15:21,17:59,19:09
Kab. Kepulauan Seribu,"Kamis, 17/08/2028",04:33,04:43,05:56,06:24,12:01,15:21,17:59,19:09
Kab. Kepulauan Seribu,"Jumat, 18/08/2028",04:33,04:43,05:56,06:24,12:01,15:21,17:59,19:09
Kab. Kepulauan Seribu,"Sabtu, 19/08/2028",04:33,04:43,05:56,06:23,12:01,15:20,17:59,19:08
Kab. Kepulauan Seribu,"Minggu, 20/08/2028",04:32,04:42,05:55,06:23,12:00,15:20,17:58,19:08
Kab. Kepulauan Seribu,"Senin, 21/08/2028",04:32,04:42,05:55,06:23,12:00,15:20,17:58,19:08
Kab. Kepulauan Seribu,"Selasa, 22/08/2028",04:32,04:42,05:55,06:22,12:00,15:19,17:58,19:08
Kab. Kepulauan Seribu,"Rabu, 23/08/2028",04:32,04:42,05:54,06:22,12:00,15:19,17:58,19:08
Kab. Kepulauan Seribu,"Kamis, 24/08/2028",04:31,04:41,05:54,06:21,11:59,15:18,17:58,19:07
Kab. Kepulauan Seribu,"Jumat, 25/08/2028",04:31,04:41,05:53,06:21,11:59,15:18,17:58,19:07
Kab. Kepulauan Seribu,"Sabtu, 26/08/2028",04:31,04:41,05:53,06:20,11:59,15:17,17:58,19:07
Kab. Kepulauan Seribu,"Minggu, 27/08/2028",04:30,04:40,05:53,06:20,11:59,15:17,17:58,19:07
Kab. Kepulauan Seribu,"Senin, 28/08/2028",04:30,04:40,05:52,06:20,11:58,15:16,17:57,19:07
Kab. Kepulauan Seribu,"Selasa, 29/08/2028",04:29,04:39,05:52,06:19,11:58,15:16,17:57,19:06
Kab. Kepulauan Seribu,"Rabu, 30/08/2028",04:29,04:39,05:51,06:19,11:58,15:15,17:57,19:06
Kab. Kepulauan Seribu,"Kamis, 31/08/2028",04:29,04:39,05:51,06:18,11:57,15:15,17:57,19:06
Kab. Kepulauan Seribu,"Jumat, 01/09/2028",04:28,04:38,05:50,06:18,11:57,15:14,17:57,19:06
Kab. Kepulauan Seribu,"Sabtu, 02/09/2028",04:28,04:38,05:50,06:17,11:57,15:13,17:57,19:05
Kab. Kepulauan Seribu,"Minggu, 03/09/2028",04:27,04:37,05:49,06:17,11:56,15:13,17:56,19:05
Kab. Kepulauan Seribu,"Senin, 04/09/2028",04:27,04:37,05:49,06:16,11:56,15:12,17:56,19:05
Kab. Kepulauan Seribu,"Selasa, 05/09/2028",04:27,04:37,05:48,06:16,11:56,15:12,17:56,19:05
Kab. Kepulauan Seribu,"Rabu, 06/09/2028",04:26,04:36,05:48,06:15,11:55,15:11,17:56,19:04
Kab. Kepulauan Seribu,"Kamis, 07/09/2028",04:26,04:36,05:47,06:15,11:55,15:10,17:56,19:04
Kab. Kepulauan Seribu,"Jumat, 08/09/2028",04:25,04:35,05:47,06:14,11:55,15:10,17:55,19:04
Kab. Kepulauan Seribu,"Sabtu, 09/09/2028",04:25,04:35,05:46,06:14,11:54,15:09,17:55,19:04
Kab. Kepulauan Seribu,"Minggu, 10/09/2028",04:24,04:34,05:46,06:13,11:54,15:08,17:55,19:03
Kab. Kepulauan Seribu,"Senin, 11/09/2028",04:24,04:34,05:45,06:13,11:54,15:08,17:55,19:03
Kab. Kepulauan Seribu,"Selasa, 12/09/2028",04:23,04:33,05:45,06:12,11:53,15:07,17:55,19:03
Kab. Kepulauan Seribu,"Rabu, 13/09/2028",04:23,04:33,05:44,06:12,11:53,15:06,17:54,19:03
Kab. Kepulauan Seribu,"Kamis, 14/09/2028",04:22,04:32,05:44,06:11,11:53,15:05,17:54,19:03
Kab. Kepulauan Seribu,"Jumat, 15/09/2028",04:22,04:32,05:43,06:11,11:52,15:05,17:54,19:02
Kab. Kepulauan Seribu,"Sabtu, 16/09/2028",04:22,04:32,05:43,06:10,11:52,15:04,17:54,19:02
Kab. Kepulauan Seribu,"Minggu, 17/09/2028",04:21,04:31,05:42,06:09,11:51,15:03,17:54,19:02
Kab. Kepulauan Seribu,"Senin, 18/09/2028",04:21,04:31,05:42,06:09,11:51,15:02,17:53,19:02
Kab. Kepulauan Seribu,"Selasa, 19/09/2028",04:20,04:30,05:41,06:08,11:51,15:01,17:53,19:02
Kab. Kepulauan Seribu,"Rabu, 20/09/2028",04:19,04:29,05:41,06:08,11:50,15:01,17:53,19:01
Kab. Kepulauan Seribu,"Kamis, 21/09/2028",04:19,04:29,05:40,06:07,11:50,15:00,17:53,19:01
Kab. Kepulauan Seribu,"Jumat, 22/09/2028",04:18,04:28,05:40,06:07,11:50,14:59,17:53,19:01
Kab. Kepulauan Seribu,"Sabtu, 23/09/2028",04:18,04:28,05:39,06:06,11:49,14:58,17:52,19:01
Kab. Kepulauan Seribu,"Minggu, 24/09/2028",04:17,04:27,05:39,06:06,11:49,14:57,17:52,19:01
Kab. Kepulauan Seribu,"Senin, 25/09/2028",04:17,04:27,05:38,06:05,11:49,14:56,17:52,19:00
Kab. Kepulauan Seribu,"Selasa, 26/09/2028",04:16,04:26,05:38,06:05,11:48,14:55,17:52,19:00
Kab. Kepulauan Seribu,"Rabu, 27/09/2028",04:16,04:26,05:37,06:04,11:48,14:54,17:52,19:00
Kab. Kepulauan Seribu,"Kamis, 28/09/2028",04:15,04:25,05:37,06:04,11:48,14:54,17:51,19:00
Kab. Kepulauan Seribu,"Jumat, 29/09/2028",04:15,04:25,05:36,06:03,11:47,14:53,17:51,19:00
Kab. Kepulauan Seribu,"Sabtu, 30/09/2028",04:14,04:24,05:36,06:03,11:47,14:52,17:51,19:00
Kab. Kepulauan Seribu,"Minggu, 01/10/2028",04:14,04:24,05:35,06:02,11:47,14:51,17:51,19:00
Kab. Kepulauan Seribu,"Senin, 02/10/2028",04:13,04:23,05:35,06:02,11:46,14:50,17:51,18:59
Kab. Kepulauan Seribu,"Selasa, 03/10/2028",04:13,04:23,05:34,06:02,11:46,14:49,17:51,18:59
Kab. Kepulauan Seribu,"Rabu, 04/10/2028",04:12,04:22,05:34,06:01,11:46,14:48,17:51,18:59
Kab. Kepulauan Seribu,"Kamis, 05/10/2028",04:12,04:22,05:33,06:01,11:45,14:47,17:50,18:59
Kab. Kepulauan Seribu,"Jumat, 06/10/2028",04:11,04:21,05:33,06:00,11:45,14:46,17:50,18:59
Kab. Kepulauan Seribu,"Sabtu, 07/10/2028",04:11,04:21,05:33,06:00,11:45,14:45,17:50,18:59
Kab. Kepulauan Seribu,"Minggu, 08/10/2028",04:10,04:20,05:32,05:59,11:45,14:45,17:50,18:59
Kab. Kepulauan Seribu,"Senin, 09/10/2028",04:10,04:20,05:32,05:59,11:44,14:46,17:50,18:59
Kab. Kepulauan Seribu,"Selasa, 10/10/2028",04:09,04:19,05:31,05:59,11:44,14:46,17:50,18:59
Kab. Kepulauan Seribu,"Rabu, 11/10/2028",04:09,04:19,05:31,05:58,11:44,14:47,17:50,18:59
Kab. Kepulauan Seribu,"Kamis, 12/10/2028",04:08,04:18,05:30,05:58,11:43,14:47,17:50,18:59
Kab. Kepulauan Seribu,"Jumat, 13/10/2028",04:08,04:18,05:30,05:57,11:43,14:48,17:49,18:59
Kab. Kepulauan Seribu,"Sabtu, 14/10/2028",04:07,04:17,05:30,05:57,11:43,14:48,17:49,18:59
Kab. Kepulauan Seribu,"Minggu, 15/10/2028",04:07,04:17,05:29,05:57,11:43,14:49,17:49,18:59
Kab. Kepulauan Seribu,"Senin, 16/10/2028",04:06,04:16,05:29,05:56,11:43,14:49,17:49,18:59
Kab. Kepulauan Seribu,"Selasa, 17/10/2028",04:06,04:16,05:29,05:56,11:42,14:50,17:49,18:59
Kab. Kepulauan Seribu,"Rabu, 18/10/2028",04:05,04:15,05:28,05:56,11:42,14:50,17:49,18:59
Kab. Kepulauan Seribu,"Kamis, 19/10/2028",04:05,04:15,05:28,05:55,11:42,14:50,17:49,18:59
Kab. Kepulauan Seribu,"Jumat, 20/10/2028",04:04,04:14,05:28,05:55,11:42,14:51,17:49,18:59
Kab. Kepulauan Seribu,"Sabtu, 21/10/2028",04:04,04:14,05:27,05:55,11:42,14:51,17:49,18:59
Kab. Kepulauan Seribu,"Minggu, 22/10/2028",04:04,04:14,05:27,05:54,11:41,14:52,17:49,18:59
Kab. Kepulauan Seribu,"Senin, 23/10/2028",04:03,04:13,05:27,05:54,11:41,14:52,17:49,18:59
Kab. Kepulauan Seribu,"Selasa, 24/10/2028",04:03,04:13,05:26,05:54,11:41,14:53,17:49,18:59
Kab. Kepulauan Seribu,"Rabu, 25/10/2028",04:02,04:12,05:26,05:54,11:41,14:53,17:49,19:00
Kab. Kepulauan Seribu,"Kamis, 26/10/2028",04:02,04:12,05:26,05:53,11:41,14:54,17:49,19:00
Kab. Kepulauan Seribu,"Jumat, 27/10/2028",04:02,04:12,05:26,05:53,11:41,14:54,17:49,19:00
Kab. Kepulauan Seribu,"Sabtu, 28/10/2028",04:01,04:11,05:25,05:53,11:41,14:55,17:49,19:00
Kab. Kepulauan Seribu,"Minggu, 29/10/2028",04:01,04:11,05:25,05:53,11:41,14:55,17:49,19:00
Kab. Kepulauan Seribu,"Senin, 30/10/2028",04:01,04:11,05:25,05:53,11:41,14:55,17:50,19:00
Kab. Kepulauan Seribu,"Selasa, 31/10/2028",04:00,04:10,05:25,05:52,11:41,14:56,17:50,19:01
Kab. Kepulauan Seribu,"Rabu, 01/11/2028",04:00,04:10,05:25,05:52,11:41,14:56,17:50,19:01
Kab. Kepulauan Seribu,"Kamis, 02/11/2028",04:00,04:10,05:24,05:52,11:41,14:57,17:50,19:01
Kab. Kepulauan Seribu,"Jumat, 03/11/2028",03:59,04:09,05:24,05:52,11:41,14:57,17:50,19:01
Kab. Kepulauan Seribu,"Sabtu, 04/11/2028",03:59,04:09,05:24,05:52,11:41,14:58,17:50,19:02
Kab. Kepulauan Seribu,"Minggu, 05/11/2028",03:59,04:09,05:24,05:52,11:41,14:58,17:50,19:02
Kab. Kepulauan Seribu,"Senin, 06/11/2028",03:59,04:09,05:24,05:52,11:41,14:59,17:51,19:02
Kab. Kepulauan Seribu,"Selasa, 07/11/2028",03:58,04:08,05:24,05:52,11:41,14:59,17:51,19:03
Kab. Kepulauan Seribu,"Rabu, 08/11/2028",03:58,04:08,05:24,05:52,11:41,14:59,17:51,19:03
Kab. Kepulauan Seribu,"Kamis, 09/11/2028",03:58,04:08,05:24,05:52,11:41,15:00,17:51,19:03
Kab. Kepulauan Seribu,"Jumat, 10/11/2028",03:58,04:08,05:24,05:52,11:41,15:00,17:51,19:04
Kab. Kepulauan Seribu,"Sabtu, 11/11/2028",03:58,04:08,05:24,05:52,11:41,15:01,17:52,19:04
Kab. Kepulauan Seribu,"Minggu, 12/11/2028",03:58,04:08,05:24,05:52,11:41,15:01,17:52,19:04
Kab. Kepulauan Seribu,"Senin, 13/11/2028",03:57,04:07,05:24,05:52,11:41,15:02,17:52,19:05
Kab. Kepulauan Seribu,"Selasa, 14/11/2028",03:57,04:07,05:24,05:52,11:42,15:02,17:52,19:05
Kab. Kepulauan Seribu,"Rabu, 15/11/2028",03:57,04:07,05:24,05:52,11:42,15:03,17:53,19:06
Kab. Kepulauan Seribu,"Kamis, 16/11/2028",03:57,04:07,05:24,05:52,11:42,15:03,17:53,19:06
Kab. Kepulauan Seribu,"Jumat, 17/11/2028",03:57,04:07,05:24,05:52,11:42,15:04,17:53,19:06
Kab. Kepulauan Seribu,"Sabtu, 18/11/2028",03:57,04:07,05:24,05:52,11:42,15:04,17:54,19:07
Kab. Kepulauan Seribu,"Minggu, 19/11/2028",03:57,04:07,05:24,05:52,11:42,15:05,17:54,19:07
Kab. Kepulauan Seribu,"Senin, 20/11/2028",03:57,04:07,05:24,05:53,11:43,15:05,17:54,19:08
Kab. Kepulauan Seribu,"Selasa, 21/11/2028",03:57,04:07,05:24,05:53,11:43,15:06,17:55,19:08
Kab. Kepulauan Seribu,"Rabu, 22/11/2028",03:57,04:07,05:24,05:53,11:43,15:06,17:55,19:09
Kab. Kepulauan Seribu,"Kamis, 23/11/2028",03:57,04:07,05:25,05:53,11:44,15:07,17:55,19:09
Kab. Kepulauan Seribu,"Jumat, 24/11/2028",03:57,04:07,05:25,05:53,11:44,15:07,17:56,19:10
Kab. Kepulauan Seribu,"Sabtu, 25/11/2028",03:57,04:07,05:25,05:54,11:44,15:08,17:56,19:10
Kab. Kepulauan Seribu,"Minggu, 26/11/2028",03:57,04:07,05:25,05:54,11:44,15:08,17:57,19:11
Kab. Kepulauan Seribu,"Senin, 27/11/2028",03:57,04:07,05:25,05:54,11:45,15:09,17:57,19:11
Kab. Kepulauan Seribu,"Selasa, 28/11/2028",03:58,04:08,05:26,05:54,11:45,15:09,17:58,19:12
Kab. Kepulauan Seribu,"Rabu, 29/11/2028",03:58,04:08,05:26,05:55,11:45,15:10,17:58,19:12
Kab. Kepulauan Seribu,"Kamis, 30/11/2028",03:58,04:08,05:26,05:55,11:46,15:10,17:58,19:13
Kab. Kepulauan Seribu,"Jumat, 01/12/2028",03:58,04:08,05:26,05:55,11:46,15:11,17:59,19:13
Kab. Kepulauan Seribu,"Sabtu, 02/12/2028",03:58,04:08,05:27,05:56,11:47,15:11,17:59,19:14
Kab. Kepulauan Seribu,"Minggu, 03/12/2028",03:58,04:08,05:27,05:56,11:47,15:12,18:00,19:15
Kab. Kepulauan Seribu,"Senin, 04/12/2028",03:59,04:09,05:27,05:56,11:47,15:12,18:00,19:15
Kab. Kepulauan Seribu,"Selasa, 05/12/2028",03:59,04:09,05:28,05:57,11:48,15:13,18:01,19:16
Kab. Kepulauan Seribu,"Rabu, 06/12/2028",03:59,04:09,05:28,05:57,11:48,15:14,18:01,19:16
Kab. Kepulauan Seribu,"Kamis, 07/12/2028",04:00,04:10,05:28,05:57,11:49,15:14,18:02,19:17
Kab. Kepulauan Seribu,"Jumat, 08/12/2028",04:00,04:10,05:29,05:58,11:49,15:15,18:02,19:17
Kab. Kepulauan Seribu,"Sabtu, 09/12/2028",04:00,04:10,05:29,05:58,11:49,15:15,18:03,19:18
Kab. Kepulauan Seribu,"Minggu, 10/12/2028",04:00,04:10,05:30,05:59,11:50,15:16,18:03,19:18
Kab. Kepulauan Seribu,"Senin, 11/12/2028",04:01,04:11,05:30,05:59,11:50,15:16,18:04,19:19
Kab. Kepulauan Seribu,"Selasa, 12/12/2028",04:01,04:11,05:31,06:00,11:51,15:17,18:04,19:19
Kab. Kepulauan Seribu,"Rabu, 13/12/2028",04:02,04:12,05:31,06:00,11:51,15:17,18:05,19:20
Kab. Kepulauan Seribu,"Kamis, 14/12/2028",04:02,04:12,05:31,06:00,11:52,15:18,18:05,19:21
Kab. Kepulauan Seribu,"Jumat, 15/12/2028",04:02,04:12,05:32,06:01,11:52,15:18,18:06,19:21
Kab. Kepulauan Seribu,"Sabtu, 16/12/2028",04:03,04:13,05:32,06:01,11:53,15:19,18:06,19:22
Kab. Kepulauan Seribu,"Minggu, 17/12/2028",04:03,04:13,05:33,06:02,11:53,15:20,18:07,19:22
Kab. Kepulauan Seribu,"Senin, 18/12/2028",04:04,04:14,05:33,06:02,11:54,15:20,18:07,19:23
Kab. Kepulauan Seribu,"Selasa, 19/12/2028",04:04,04:14,05:34,06:03,11:54,15:21,18:08,19:23
Kab. Kepulauan Seribu,"Rabu, 20/12/2028",04:05,04:15,05:34,06:03,11:55,15:21,18:08,19:24
Kab. Kepulauan Seribu,"Kamis, 21/12/2028",04:05,04:15,05:35,06:04,11:55,15:22,18:09,19:24
Kab. Kepulauan Seribu,"Jumat, 22/12/2028",04:06,04:16,05:35,06:04,11:56,15:22,18:09,19:25
Kab. Kepulauan Seribu,"Sabtu, 23/12/2028",04:06,04:16,05:36,06:05,11:56,15:23,18:10,19:25
Kab. Kepulauan Seribu,"Minggu, 24/12/2028",04:07,04:17,05:36,06:05,11:57,15:23,18:10,19:26
Kab. Kepulauan Seribu,"Senin, 25/12/2028",04:07,04:17,05:37,06:06,11:57,15:24,18:11,19:26
Kab. Kepulauan Seribu,"Selasa, 26/12/2028",04:08,04:18,05:37,06:06,11:58,15:24,18:11,19:27
Kab. Kepulauan Seribu,"Rabu, 27/12/2028",04:08,04:18,05:38,06:07,11:58,15:24,18:12,19:27
Kab. Kepulauan Seribu,"Kamis, 28/12/2028",04:09,04:19,05:38,06:07,11:59,15:25,18:12,19:27
Kab. Kepulauan Seribu,"Jumat, 29/12/2028",04:09,04:19,05:39,06:08,11:59,15:25,18:13,19:28
Kab. Kepulauan Seribu,"Sabtu, 30/12/2028",04:10,04:20,05:39,06:08,12:00,15:26,18:13,19:28
Kab. Kepulauan Seribu,"Minggu, 31/12/2028",04:11,04:21,05:40,06:09,12:00,15:26,18:13,19:29
